CREATE DATABASE  IF NOT EXISTS `Collab` /*!40100 DEFAULT CHARACTER SET utf8mb4 COLLATE utf8mb4_0900_ai_ci */ /*!80016 DEFAULT ENCRYPTION='N' */;
USE `Collab`;
-- MySQL dump 10.13  Distrib 8.0.29, for Linux (x86_64)
--
-- Host: localhost    Database: Collab
-- ------------------------------------------------------
-- Server version	8.0.30-0ubuntu0.20.04.2

/*!40101 SET @OLD_CHARACTER_SET_CLIENT=@@CHARACTER_SET_CLIENT */;
/*!40101 SET @OLD_CHARACTER_SET_RESULTS=@@CHARACTER_SET_RESULTS */;
/*!40101 SET @OLD_COLLATION_CONNECTION=@@COLLATION_CONNECTION */;
/*!50503 SET NAMES utf8 */;
/*!40103 SET @OLD_TIME_ZONE=@@TIME_ZONE */;
/*!40103 SET TIME_ZONE='+00:00' */;
/*!40014 SET @OLD_UNIQUE_CHECKS=@@UNIQUE_CHECKS, UNIQUE_CHECKS=0 */;
/*!40014 SET @OLD_FOREIGN_KEY_CHECKS=@@FOREIGN_KEY_CHECKS, FOREIGN_KEY_CHECKS=0 */;
/*!40101 SET @OLD_SQL_MODE=@@SQL_MODE, SQL_MODE='NO_AUTO_VALUE_ON_ZERO' */;
/*!40111 SET @OLD_SQL_NOTES=@@SQL_NOTES, SQL_NOTES=0 */;

--
-- Table structure for table `Area`
--

DROP TABLE IF EXISTS `Area`;
/*!40101 SET @saved_cs_client     = @@character_set_client */;
/*!50503 SET character_set_client = utf8mb4 */;
CREATE TABLE `Area` (
  `area_id` int NOT NULL AUTO_INCREMENT,
  `name` varchar(100) DEFAULT NULL,
  `description` varchar(1000) NOT NULL,
  `avg` float DEFAULT NULL,
  PRIMARY KEY (`area_id`)
) ENGINE=InnoDB AUTO_INCREMENT=7 DEFAULT CHARSET=utf8mb4 COLLATE=utf8mb4_0900_ai_ci;
/*!40101 SET character_set_client = @saved_cs_client */;

--
-- Dumping data for table `Area`
--

LOCK TABLES `Area` WRITE;
/*!40000 ALTER TABLE `Area` DISABLE KEYS */;
INSERT INTO `Area` VALUES (1,'Database','Lorem Ipsum is simply dummy text of the printing and typesetting industry. Lorem Ipsum has been the industry\'s standard dummy text ever since the 1500s, when an unknown printer took a galley of type and scrambled it to make a type specimen book. It has survived not only five centuries, but also the leap into electronic typesetting, remaining essentially unchanged. It was popularised in the 1960s with the release of Letraset sheets containing Lorem Ipsum passages, and more recently with desktop publishing software like Aldus PageMaker including versions of Lorem Ipsum.',5),(2,'Operating Systems','Introduction to Operating Systems is a graduate-level introductory course in operating systems. This course teaches basic operating system abstractions, mechanisms, and their implementations. The core of the course focuses on OS support for concurrency (threads) and synchronization, resource management (CPU, memory, I/O), and distributed services. The practical component of the course teaches multithread programming, inter-process communication, and distributed interactions via RPC',4),(3,'Algorithm','Lorem Ipsum is simply dummy text of the printing and typesetting industry. Lorem Ipsum has been the industry\'s standard dummy text ever since the 1500s, when an unknown printer took a galley of type and scrambled it to make a type specimen book. It has survived not only five centuries, but also the leap into electronic typesetting, remaining essentially unchanged. It was popularised in the 1960s with the release of Letraset sheets containing Lorem Ipsum passages, and more recently with desktop publishing software like Aldus PageMaker including versions of Lorem Ipsum.',4.5),(4,'Architecture','Lorem Ipsum is simply dummy text of the printing and typesetting industry. Lorem Ipsum has been the industry\'s standard dummy text ever since the 1500s, when an unknown printer took a galley of type and scrambled it to make a type specimen book. It has survived not only five centuries, but also the leap into electronic typesetting, remaining essentially unchanged. It was popularised in the 1960s with the release of Letraset sheets containing Lorem Ipsum passages, and more recently with desktop publishing software like Aldus PageMaker including versions of Lorem Ipsum.',5),(5,'Machine Learning','Lorem Ipsum is simply dummy text of the printing and typesetting industry. Lorem Ipsum has been the industry\'s standard dummy text ever since the 1500s, when an unknown printer took a galley of type and scrambled it to make a type specimen book. It has survived not only five centuries, but also the leap into electronic typesetting, remaining essentially unchanged. It was popularised in the 1960s with the release of Letraset sheets containing Lorem Ipsum passages, and more recently with desktop publishing software like Aldus PageMaker including versions of Lorem Ipsum.',7),(6,'Security','Lorem Ipsum is simply dummy text of the printing and typesetting industry. Lorem Ipsum has been the industry\'s standard dummy text ever since the 1500s, when an unknown printer took a galley of type and scrambled it to make a type specimen book. It has survived not only five centuries, but also the leap into electronic typesetting, remaining essentially unchanged. It was popularised in the 1960s with the release of Letraset sheets containing Lorem Ipsum passages, and more recently with desktop publishing software like Aldus PageMaker including versions of Lorem Ipsum.',6);
/*!40000 ALTER TABLE `Area` ENABLE KEYS */;
UNLOCK TABLES;

--
-- Table structure for table `Collaborate`
--

DROP TABLE IF EXISTS `Collaborate`;
/*!40101 SET @saved_cs_client     = @@character_set_client */;
/*!50503 SET character_set_client = utf8mb4 */;
CREATE TABLE `Collaborate` (
  `project_id` int NOT NULL,
  `User_id` int NOT NULL,
  `collab_type` enum('main','regular') NOT NULL,
  PRIMARY KEY (`project_id`,`User_id`),
  KEY `fk_Collaborate_User1_idx` (`User_id`),
  CONSTRAINT `fk_Collaborate_Project1` FOREIGN KEY (`project_id`) REFERENCES `Project` (`project_id`),
  CONSTRAINT `fk_Collaborate_User1` FOREIGN KEY (`User_id`) REFERENCES `User` (`id`)
) ENGINE=InnoDB DEFAULT CHARSET=utf8mb4 COLLATE=utf8mb4_0900_ai_ci;
/*!40101 SET character_set_client = @saved_cs_client */;

--
-- Dumping data for table `Collaborate`
--

LOCK TABLES `Collaborate` WRITE;
/*!40000 ALTER TABLE `Collaborate` DISABLE KEYS */;
INSERT INTO `Collaborate` VALUES (1,1,'main'),(1,2,'regular'),(2,1,'regular');
/*!40000 ALTER TABLE `Collaborate` ENABLE KEYS */;
UNLOCK TABLES;

--
-- Table structure for table `Faculty`
--

DROP TABLE IF EXISTS `Faculty`;
/*!40101 SET @saved_cs_client     = @@character_set_client */;
/*!50503 SET character_set_client = utf8mb4 */;
CREATE TABLE `Faculty` (
  `User_id` int NOT NULL,
  PRIMARY KEY (`User_id`),
  CONSTRAINT `fk_Faculty_User1` FOREIGN KEY (`User_id`) REFERENCES `User` (`id`)
) ENGINE=InnoDB DEFAULT CHARSET=utf8mb4 COLLATE=utf8mb4_0900_ai_ci;
/*!40101 SET character_set_client = @saved_cs_client */;

--
-- Dumping data for table `Faculty`
--

LOCK TABLES `Faculty` WRITE;
/*!40000 ALTER TABLE `Faculty` DISABLE KEYS */;
INSERT INTO `Faculty` VALUES (2);
/*!40000 ALTER TABLE `Faculty` ENABLE KEYS */;
UNLOCK TABLES;

--
-- Table structure for table `Parts`
--

DROP TABLE IF EXISTS `Parts`;
/*!40101 SET @saved_cs_client     = @@character_set_client */;
/*!50503 SET character_set_client = utf8mb4 */;
CREATE TABLE `Parts` (
  `id_parts` int NOT NULL AUTO_INCREMENT,
  `part_name` varchar(45) NOT NULL,
  `part_description` varchar(400) NOT NULL,
  `fk_parts_testbed_id` int NOT NULL,
  PRIMARY KEY (`id_parts`),
  KEY `fk_Parts_1_idx` (`fk_parts_testbed_id`),
  CONSTRAINT `fk_Parts_1` FOREIGN KEY (`fk_parts_testbed_id`) REFERENCES `Testbed` (`Testbed`)
) ENGINE=InnoDB AUTO_INCREMENT=274 DEFAULT CHARSET=utf8mb4 COLLATE=utf8mb4_0900_ai_ci;
/*!40101 SET character_set_client = @saved_cs_client */;

--
-- Dumping data for table `Parts`
--

LOCK TABLES `Parts` WRITE;
/*!40000 ALTER TABLE `Parts` DISABLE KEYS */;
INSERT INTO `Parts` VALUES (1,'2x FPGA NIC','Innova Flex 1 Network Cards with In-network acceleration capabilities',1),(2,'Server Side','Thread Ripper 48x with 64GB RAM',1),(3,'Client Side','Client side with intel 9 processor and 32GB RAM',1),(4,'Part14','Lorem ipsum dolor sit amet, consectetur adipiscing elit, sed do eiusmod tempor incididunt ut labore et dolore magna aliqua. Ut enim ad ',1),(5,'Part15','Lorem ipsum dolor sit amet, consectetur adipiscing elit, sed do eiusmod tempor incididunt ut labore et dolore magna aliqua. Ut enim ad ',1),(6,'Part16','Lorem ipsum dolor sit amet, consectetur adipiscing elit, sed do eiusmod tempor incididunt ut labore et dolore magna aliqua. Ut enim ad ',1),(7,'Part17','Lorem ipsum dolor sit amet, consectetur adipiscing elit, sed do eiusmod tempor incididunt ut labore et dolore magna aliqua. Ut enim ad ',1),(8,'Part18','Lorem ipsum dolor sit amet, consectetur adipiscing elit, sed do eiusmod tempor incididunt ut labore et dolore magna aliqua. Ut enim ad ',1),(9,'Part19','Lorem ipsum dolor sit amet, consectetur adipiscing elit, sed do eiusmod tempor incididunt ut labore et dolore magna aliqua. Ut enim ad ',1),(10,'Part14','Lorem ipsum dolor sit amet, consectetur adipiscing elit, sed do eiusmod tempor incididunt ut labore et dolore magna aliqua. Ut enim ad ',1),(11,'Part15','Lorem ipsum dolor sit amet, consectetur adipiscing elit, sed do eiusmod tempor incididunt ut labore et dolore magna aliqua. Ut enim ad ',1),(12,'Part16','Lorem ipsum dolor sit amet, consectetur adipiscing elit, sed do eiusmod tempor incididunt ut labore et dolore magna aliqua. Ut enim ad ',1),(13,'Part17','Lorem ipsum dolor sit amet, consectetur adipiscing elit, sed do eiusmod tempor incididunt ut labore et dolore magna aliqua. Ut enim ad ',1),(14,'Part18','Lorem ipsum dolor sit amet, consectetur adipiscing elit, sed do eiusmod tempor incididunt ut labore et dolore magna aliqua. Ut enim ad ',1),(15,'Part19','Lorem ipsum dolor sit amet, consectetur adipiscing elit, sed do eiusmod tempor incididunt ut labore et dolore magna aliqua. Ut enim ad ',1),(16,'Part24','Lorem ipsum dolor sit amet, consectetur adipiscing elit, sed do eiusmod tempor incididunt ut labore et dolore magna aliqua. Ut enim ad ',2),(17,'Part25','Lorem ipsum dolor sit amet, consectetur adipiscing elit, sed do eiusmod tempor incididunt ut labore et dolore magna aliqua. Ut enim ad ',2),(18,'Part26','Lorem ipsum dolor sit amet, consectetur adipiscing elit, sed do eiusmod tempor incididunt ut labore et dolore magna aliqua. Ut enim ad ',2),(19,'Part27','Lorem ipsum dolor sit amet, consectetur adipiscing elit, sed do eiusmod tempor incididunt ut labore et dolore magna aliqua. Ut enim ad ',2),(20,'Part28','Lorem ipsum dolor sit amet, consectetur adipiscing elit, sed do eiusmod tempor incididunt ut labore et dolore magna aliqua. Ut enim ad ',2),(21,'Part29','Lorem ipsum dolor sit amet, consectetur adipiscing elit, sed do eiusmod tempor incididunt ut labore et dolore magna aliqua. Ut enim ad ',2),(22,'Part34','Lorem ipsum dolor sit amet, consectetur adipiscing elit, sed do eiusmod tempor incididunt ut labore et dolore magna aliqua. Ut enim ad ',3),(23,'Part35','Lorem ipsum dolor sit amet, consectetur adipiscing elit, sed do eiusmod tempor incididunt ut labore et dolore magna aliqua. Ut enim ad ',3),(24,'Part36','Lorem ipsum dolor sit amet, consectetur adipiscing elit, sed do eiusmod tempor incididunt ut labore et dolore magna aliqua. Ut enim ad ',3),(25,'Part37','Lorem ipsum dolor sit amet, consectetur adipiscing elit, sed do eiusmod tempor incididunt ut labore et dolore magna aliqua. Ut enim ad ',3),(26,'Part38','Lorem ipsum dolor sit amet, consectetur adipiscing elit, sed do eiusmod tempor incididunt ut labore et dolore magna aliqua. Ut enim ad ',3),(27,'Part39','Lorem ipsum dolor sit amet, consectetur adipiscing elit, sed do eiusmod tempor incididunt ut labore et dolore magna aliqua. Ut enim ad ',3),(28,'Part44','Lorem ipsum dolor sit amet, consectetur adipiscing elit, sed do eiusmod tempor incididunt ut labore et dolore magna aliqua. Ut enim ad ',4),(29,'Part45','Lorem ipsum dolor sit amet, consectetur adipiscing elit, sed do eiusmod tempor incididunt ut labore et dolore magna aliqua. Ut enim ad ',4),(30,'Part46','Lorem ipsum dolor sit amet, consectetur adipiscing elit, sed do eiusmod tempor incididunt ut labore et dolore magna aliqua. Ut enim ad ',4),(31,'Part47','Lorem ipsum dolor sit amet, consectetur adipiscing elit, sed do eiusmod tempor incididunt ut labore et dolore magna aliqua. Ut enim ad ',4),(32,'Part48','Lorem ipsum dolor sit amet, consectetur adipiscing elit, sed do eiusmod tempor incididunt ut labore et dolore magna aliqua. Ut enim ad ',4),(33,'Part49','Lorem ipsum dolor sit amet, consectetur adipiscing elit, sed do eiusmod tempor incididunt ut labore et dolore magna aliqua. Ut enim ad ',4),(34,'Part54','Lorem ipsum dolor sit amet, consectetur adipiscing elit, sed do eiusmod tempor incididunt ut labore et dolore magna aliqua. Ut enim ad ',5),(35,'Part55','Lorem ipsum dolor sit amet, consectetur adipiscing elit, sed do eiusmod tempor incididunt ut labore et dolore magna aliqua. Ut enim ad ',5),(36,'Part56','Lorem ipsum dolor sit amet, consectetur adipiscing elit, sed do eiusmod tempor incididunt ut labore et dolore magna aliqua. Ut enim ad ',5),(37,'Part57','Lorem ipsum dolor sit amet, consectetur adipiscing elit, sed do eiusmod tempor incididunt ut labore et dolore magna aliqua. Ut enim ad ',5),(38,'Part58','Lorem ipsum dolor sit amet, consectetur adipiscing elit, sed do eiusmod tempor incididunt ut labore et dolore magna aliqua. Ut enim ad ',5),(39,'Part59','Lorem ipsum dolor sit amet, consectetur adipiscing elit, sed do eiusmod tempor incididunt ut labore et dolore magna aliqua. Ut enim ad ',5),(40,'Part64','Lorem ipsum dolor sit amet, consectetur adipiscing elit, sed do eiusmod tempor incididunt ut labore et dolore magna aliqua. Ut enim ad ',6),(41,'Part65','Lorem ipsum dolor sit amet, consectetur adipiscing elit, sed do eiusmod tempor incididunt ut labore et dolore magna aliqua. Ut enim ad ',6),(42,'Part66','Lorem ipsum dolor sit amet, consectetur adipiscing elit, sed do eiusmod tempor incididunt ut labore et dolore magna aliqua. Ut enim ad ',6),(43,'Part67','Lorem ipsum dolor sit amet, consectetur adipiscing elit, sed do eiusmod tempor incididunt ut labore et dolore magna aliqua. Ut enim ad ',6),(44,'Part68','Lorem ipsum dolor sit amet, consectetur adipiscing elit, sed do eiusmod tempor incididunt ut labore et dolore magna aliqua. Ut enim ad ',6),(45,'Part69','Lorem ipsum dolor sit amet, consectetur adipiscing elit, sed do eiusmod tempor incididunt ut labore et dolore magna aliqua. Ut enim ad ',6),(46,'Part74','Lorem ipsum dolor sit amet, consectetur adipiscing elit, sed do eiusmod tempor incididunt ut labore et dolore magna aliqua. Ut enim ad ',7),(47,'Part75','Lorem ipsum dolor sit amet, consectetur adipiscing elit, sed do eiusmod tempor incididunt ut labore et dolore magna aliqua. Ut enim ad ',7),(48,'Part76','Lorem ipsum dolor sit amet, consectetur adipiscing elit, sed do eiusmod tempor incididunt ut labore et dolore magna aliqua. Ut enim ad ',7),(49,'Part77','Lorem ipsum dolor sit amet, consectetur adipiscing elit, sed do eiusmod tempor incididunt ut labore et dolore magna aliqua. Ut enim ad ',7),(50,'Part78','Lorem ipsum dolor sit amet, consectetur adipiscing elit, sed do eiusmod tempor incididunt ut labore et dolore magna aliqua. Ut enim ad ',7),(51,'Part79','Lorem ipsum dolor sit amet, consectetur adipiscing elit, sed do eiusmod tempor incididunt ut labore et dolore magna aliqua. Ut enim ad ',7),(52,'Part84','Lorem ipsum dolor sit amet, consectetur adipiscing elit, sed do eiusmod tempor incididunt ut labore et dolore magna aliqua. Ut enim ad ',8),(53,'Part85','Lorem ipsum dolor sit amet, consectetur adipiscing elit, sed do eiusmod tempor incididunt ut labore et dolore magna aliqua. Ut enim ad ',8),(54,'Part86','Lorem ipsum dolor sit amet, consectetur adipiscing elit, sed do eiusmod tempor incididunt ut labore et dolore magna aliqua. Ut enim ad ',8),(55,'Part87','Lorem ipsum dolor sit amet, consectetur adipiscing elit, sed do eiusmod tempor incididunt ut labore et dolore magna aliqua. Ut enim ad ',8),(56,'Part88','Lorem ipsum dolor sit amet, consectetur adipiscing elit, sed do eiusmod tempor incididunt ut labore et dolore magna aliqua. Ut enim ad ',8),(57,'Part89','Lorem ipsum dolor sit amet, consectetur adipiscing elit, sed do eiusmod tempor incididunt ut labore et dolore magna aliqua. Ut enim ad ',8),(58,'Part94','Lorem ipsum dolor sit amet, consectetur adipiscing elit, sed do eiusmod tempor incididunt ut labore et dolore magna aliqua. Ut enim ad ',9),(59,'Part95','Lorem ipsum dolor sit amet, consectetur adipiscing elit, sed do eiusmod tempor incididunt ut labore et dolore magna aliqua. Ut enim ad ',9),(60,'Part96','Lorem ipsum dolor sit amet, consectetur adipiscing elit, sed do eiusmod tempor incididunt ut labore et dolore magna aliqua. Ut enim ad ',9),(61,'Part97','Lorem ipsum dolor sit amet, consectetur adipiscing elit, sed do eiusmod tempor incididunt ut labore et dolore magna aliqua. Ut enim ad ',9),(62,'Part98','Lorem ipsum dolor sit amet, consectetur adipiscing elit, sed do eiusmod tempor incididunt ut labore et dolore magna aliqua. Ut enim ad ',9),(63,'Part99','Lorem ipsum dolor sit amet, consectetur adipiscing elit, sed do eiusmod tempor incididunt ut labore et dolore magna aliqua. Ut enim ad ',9),(64,'Part104','Lorem ipsum dolor sit amet, consectetur adipiscing elit, sed do eiusmod tempor incididunt ut labore et dolore magna aliqua. Ut enim ad ',10),(65,'Part105','Lorem ipsum dolor sit amet, consectetur adipiscing elit, sed do eiusmod tempor incididunt ut labore et dolore magna aliqua. Ut enim ad ',10),(66,'Part106','Lorem ipsum dolor sit amet, consectetur adipiscing elit, sed do eiusmod tempor incididunt ut labore et dolore magna aliqua. Ut enim ad ',10),(67,'Part107','Lorem ipsum dolor sit amet, consectetur adipiscing elit, sed do eiusmod tempor incididunt ut labore et dolore magna aliqua. Ut enim ad ',10),(68,'Part108','Lorem ipsum dolor sit amet, consectetur adipiscing elit, sed do eiusmod tempor incididunt ut labore et dolore magna aliqua. Ut enim ad ',10),(69,'Part109','Lorem ipsum dolor sit amet, consectetur adipiscing elit, sed do eiusmod tempor incididunt ut labore et dolore magna aliqua. Ut enim ad ',10),(70,'Part114','Lorem ipsum dolor sit amet, consectetur adipiscing elit, sed do eiusmod tempor incididunt ut labore et dolore magna aliqua. Ut enim ad ',11),(71,'Part115','Lorem ipsum dolor sit amet, consectetur adipiscing elit, sed do eiusmod tempor incididunt ut labore et dolore magna aliqua. Ut enim ad ',11),(72,'Part116','Lorem ipsum dolor sit amet, consectetur adipiscing elit, sed do eiusmod tempor incididunt ut labore et dolore magna aliqua. Ut enim ad ',11),(73,'Part117','Lorem ipsum dolor sit amet, consectetur adipiscing elit, sed do eiusmod tempor incididunt ut labore et dolore magna aliqua. Ut enim ad ',11),(74,'Part118','Lorem ipsum dolor sit amet, consectetur adipiscing elit, sed do eiusmod tempor incididunt ut labore et dolore magna aliqua. Ut enim ad ',11),(75,'Part119','Lorem ipsum dolor sit amet, consectetur adipiscing elit, sed do eiusmod tempor incididunt ut labore et dolore magna aliqua. Ut enim ad ',11),(76,'Part124','Lorem ipsum dolor sit amet, consectetur adipiscing elit, sed do eiusmod tempor incididunt ut labore et dolore magna aliqua. Ut enim ad ',12),(77,'Part125','Lorem ipsum dolor sit amet, consectetur adipiscing elit, sed do eiusmod tempor incididunt ut labore et dolore magna aliqua. Ut enim ad ',12),(78,'Part126','Lorem ipsum dolor sit amet, consectetur adipiscing elit, sed do eiusmod tempor incididunt ut labore et dolore magna aliqua. Ut enim ad ',12),(79,'Part127','Lorem ipsum dolor sit amet, consectetur adipiscing elit, sed do eiusmod tempor incididunt ut labore et dolore magna aliqua. Ut enim ad ',12),(80,'Part128','Lorem ipsum dolor sit amet, consectetur adipiscing elit, sed do eiusmod tempor incididunt ut labore et dolore magna aliqua. Ut enim ad ',12),(81,'Part129','Lorem ipsum dolor sit amet, consectetur adipiscing elit, sed do eiusmod tempor incididunt ut labore et dolore magna aliqua. Ut enim ad ',12),(82,'Part134','Lorem ipsum dolor sit amet, consectetur adipiscing elit, sed do eiusmod tempor incididunt ut labore et dolore magna aliqua. Ut enim ad ',13),(83,'Part135','Lorem ipsum dolor sit amet, consectetur adipiscing elit, sed do eiusmod tempor incididunt ut labore et dolore magna aliqua. Ut enim ad ',13),(84,'Part136','Lorem ipsum dolor sit amet, consectetur adipiscing elit, sed do eiusmod tempor incididunt ut labore et dolore magna aliqua. Ut enim ad ',13),(85,'Part137','Lorem ipsum dolor sit amet, consectetur adipiscing elit, sed do eiusmod tempor incididunt ut labore et dolore magna aliqua. Ut enim ad ',13),(86,'Part138','Lorem ipsum dolor sit amet, consectetur adipiscing elit, sed do eiusmod tempor incididunt ut labore et dolore magna aliqua. Ut enim ad ',13),(87,'Part139','Lorem ipsum dolor sit amet, consectetur adipiscing elit, sed do eiusmod tempor incididunt ut labore et dolore magna aliqua. Ut enim ad ',13),(88,'Part144','Lorem ipsum dolor sit amet, consectetur adipiscing elit, sed do eiusmod tempor incididunt ut labore et dolore magna aliqua. Ut enim ad ',14),(89,'Part145','Lorem ipsum dolor sit amet, consectetur adipiscing elit, sed do eiusmod tempor incididunt ut labore et dolore magna aliqua. Ut enim ad ',14),(90,'Part146','Lorem ipsum dolor sit amet, consectetur adipiscing elit, sed do eiusmod tempor incididunt ut labore et dolore magna aliqua. Ut enim ad ',14),(91,'Part147','Lorem ipsum dolor sit amet, consectetur adipiscing elit, sed do eiusmod tempor incididunt ut labore et dolore magna aliqua. Ut enim ad ',14),(92,'Part148','Lorem ipsum dolor sit amet, consectetur adipiscing elit, sed do eiusmod tempor incididunt ut labore et dolore magna aliqua. Ut enim ad ',14),(93,'Part149','Lorem ipsum dolor sit amet, consectetur adipiscing elit, sed do eiusmod tempor incididunt ut labore et dolore magna aliqua. Ut enim ad ',14),(94,'Part154','Lorem ipsum dolor sit amet, consectetur adipiscing elit, sed do eiusmod tempor incididunt ut labore et dolore magna aliqua. Ut enim ad ',15),(95,'Part155','Lorem ipsum dolor sit amet, consectetur adipiscing elit, sed do eiusmod tempor incididunt ut labore et dolore magna aliqua. Ut enim ad ',15),(96,'Part156','Lorem ipsum dolor sit amet, consectetur adipiscing elit, sed do eiusmod tempor incididunt ut labore et dolore magna aliqua. Ut enim ad ',15),(97,'Part157','Lorem ipsum dolor sit amet, consectetur adipiscing elit, sed do eiusmod tempor incididunt ut labore et dolore magna aliqua. Ut enim ad ',15),(98,'Part158','Lorem ipsum dolor sit amet, consectetur adipiscing elit, sed do eiusmod tempor incididunt ut labore et dolore magna aliqua. Ut enim ad ',15),(99,'Part159','Lorem ipsum dolor sit amet, consectetur adipiscing elit, sed do eiusmod tempor incididunt ut labore et dolore magna aliqua. Ut enim ad ',15),(100,'Part164','Lorem ipsum dolor sit amet, consectetur adipiscing elit, sed do eiusmod tempor incididunt ut labore et dolore magna aliqua. Ut enim ad ',16),(101,'Part165','Lorem ipsum dolor sit amet, consectetur adipiscing elit, sed do eiusmod tempor incididunt ut labore et dolore magna aliqua. Ut enim ad ',16),(102,'Part166','Lorem ipsum dolor sit amet, consectetur adipiscing elit, sed do eiusmod tempor incididunt ut labore et dolore magna aliqua. Ut enim ad ',16),(103,'Part167','Lorem ipsum dolor sit amet, consectetur adipiscing elit, sed do eiusmod tempor incididunt ut labore et dolore magna aliqua. Ut enim ad ',16),(104,'Part168','Lorem ipsum dolor sit amet, consectetur adipiscing elit, sed do eiusmod tempor incididunt ut labore et dolore magna aliqua. Ut enim ad ',16),(105,'Part169','Lorem ipsum dolor sit amet, consectetur adipiscing elit, sed do eiusmod tempor incididunt ut labore et dolore magna aliqua. Ut enim ad ',16),(106,'Part174','Lorem ipsum dolor sit amet, consectetur adipiscing elit, sed do eiusmod tempor incididunt ut labore et dolore magna aliqua. Ut enim ad ',17),(107,'Part175','Lorem ipsum dolor sit amet, consectetur adipiscing elit, sed do eiusmod tempor incididunt ut labore et dolore magna aliqua. Ut enim ad ',17),(108,'Part176','Lorem ipsum dolor sit amet, consectetur adipiscing elit, sed do eiusmod tempor incididunt ut labore et dolore magna aliqua. Ut enim ad ',17),(109,'Part177','Lorem ipsum dolor sit amet, consectetur adipiscing elit, sed do eiusmod tempor incididunt ut labore et dolore magna aliqua. Ut enim ad ',17),(110,'Part178','Lorem ipsum dolor sit amet, consectetur adipiscing elit, sed do eiusmod tempor incididunt ut labore et dolore magna aliqua. Ut enim ad ',17),(111,'Part179','Lorem ipsum dolor sit amet, consectetur adipiscing elit, sed do eiusmod tempor incididunt ut labore et dolore magna aliqua. Ut enim ad ',17),(112,'Part184','Lorem ipsum dolor sit amet, consectetur adipiscing elit, sed do eiusmod tempor incididunt ut labore et dolore magna aliqua. Ut enim ad ',18),(113,'Part185','Lorem ipsum dolor sit amet, consectetur adipiscing elit, sed do eiusmod tempor incididunt ut labore et dolore magna aliqua. Ut enim ad ',18),(114,'Part186','Lorem ipsum dolor sit amet, consectetur adipiscing elit, sed do eiusmod tempor incididunt ut labore et dolore magna aliqua. Ut enim ad ',18),(115,'Part187','Lorem ipsum dolor sit amet, consectetur adipiscing elit, sed do eiusmod tempor incididunt ut labore et dolore magna aliqua. Ut enim ad ',18),(116,'Part188','Lorem ipsum dolor sit amet, consectetur adipiscing elit, sed do eiusmod tempor incididunt ut labore et dolore magna aliqua. Ut enim ad ',18),(117,'Part189','Lorem ipsum dolor sit amet, consectetur adipiscing elit, sed do eiusmod tempor incididunt ut labore et dolore magna aliqua. Ut enim ad ',18),(118,'Part194','Lorem ipsum dolor sit amet, consectetur adipiscing elit, sed do eiusmod tempor incididunt ut labore et dolore magna aliqua. Ut enim ad ',19),(119,'Part195','Lorem ipsum dolor sit amet, consectetur adipiscing elit, sed do eiusmod tempor incididunt ut labore et dolore magna aliqua. Ut enim ad ',19),(120,'Part196','Lorem ipsum dolor sit amet, consectetur adipiscing elit, sed do eiusmod tempor incididunt ut labore et dolore magna aliqua. Ut enim ad ',19),(121,'Part197','Lorem ipsum dolor sit amet, consectetur adipiscing elit, sed do eiusmod tempor incididunt ut labore et dolore magna aliqua. Ut enim ad ',19),(122,'Part198','Lorem ipsum dolor sit amet, consectetur adipiscing elit, sed do eiusmod tempor incididunt ut labore et dolore magna aliqua. Ut enim ad ',19),(123,'Part199','Lorem ipsum dolor sit amet, consectetur adipiscing elit, sed do eiusmod tempor incididunt ut labore et dolore magna aliqua. Ut enim ad ',19),(124,'Part204','Lorem ipsum dolor sit amet, consectetur adipiscing elit, sed do eiusmod tempor incididunt ut labore et dolore magna aliqua. Ut enim ad ',20),(125,'Part205','Lorem ipsum dolor sit amet, consectetur adipiscing elit, sed do eiusmod tempor incididunt ut labore et dolore magna aliqua. Ut enim ad ',20),(126,'Part206','Lorem ipsum dolor sit amet, consectetur adipiscing elit, sed do eiusmod tempor incididunt ut labore et dolore magna aliqua. Ut enim ad ',20),(127,'Part207','Lorem ipsum dolor sit amet, consectetur adipiscing elit, sed do eiusmod tempor incididunt ut labore et dolore magna aliqua. Ut enim ad ',20),(128,'Part208','Lorem ipsum dolor sit amet, consectetur adipiscing elit, sed do eiusmod tempor incididunt ut labore et dolore magna aliqua. Ut enim ad ',20),(129,'Part209','Lorem ipsum dolor sit amet, consectetur adipiscing elit, sed do eiusmod tempor incididunt ut labore et dolore magna aliqua. Ut enim ad ',20),(130,'Part214','Lorem ipsum dolor sit amet, consectetur adipiscing elit, sed do eiusmod tempor incididunt ut labore et dolore magna aliqua. Ut enim ad ',21),(131,'Part215','Lorem ipsum dolor sit amet, consectetur adipiscing elit, sed do eiusmod tempor incididunt ut labore et dolore magna aliqua. Ut enim ad ',21),(132,'Part216','Lorem ipsum dolor sit amet, consectetur adipiscing elit, sed do eiusmod tempor incididunt ut labore et dolore magna aliqua. Ut enim ad ',21),(133,'Part217','Lorem ipsum dolor sit amet, consectetur adipiscing elit, sed do eiusmod tempor incididunt ut labore et dolore magna aliqua. Ut enim ad ',21),(134,'Part218','Lorem ipsum dolor sit amet, consectetur adipiscing elit, sed do eiusmod tempor incididunt ut labore et dolore magna aliqua. Ut enim ad ',21),(135,'Part219','Lorem ipsum dolor sit amet, consectetur adipiscing elit, sed do eiusmod tempor incididunt ut labore et dolore magna aliqua. Ut enim ad ',21),(136,'Part224','Lorem ipsum dolor sit amet, consectetur adipiscing elit, sed do eiusmod tempor incididunt ut labore et dolore magna aliqua. Ut enim ad ',22),(137,'Part225','Lorem ipsum dolor sit amet, consectetur adipiscing elit, sed do eiusmod tempor incididunt ut labore et dolore magna aliqua. Ut enim ad ',22),(138,'Part226','Lorem ipsum dolor sit amet, consectetur adipiscing elit, sed do eiusmod tempor incididunt ut labore et dolore magna aliqua. Ut enim ad ',22),(139,'Part227','Lorem ipsum dolor sit amet, consectetur adipiscing elit, sed do eiusmod tempor incididunt ut labore et dolore magna aliqua. Ut enim ad ',22),(140,'Part228','Lorem ipsum dolor sit amet, consectetur adipiscing elit, sed do eiusmod tempor incididunt ut labore et dolore magna aliqua. Ut enim ad ',22),(141,'Part229','Lorem ipsum dolor sit amet, consectetur adipiscing elit, sed do eiusmod tempor incididunt ut labore et dolore magna aliqua. Ut enim ad ',22),(142,'Part14','Lorem ipsum dolor sit amet, consectetur adipiscing elit, sed do eiusmod tempor incididunt ut labore et dolore magna aliqua. Ut enim ad ',1),(143,'Part15','Lorem ipsum dolor sit amet, consectetur adipiscing elit, sed do eiusmod tempor incididunt ut labore et dolore magna aliqua. Ut enim ad ',1),(144,'Part16','Lorem ipsum dolor sit amet, consectetur adipiscing elit, sed do eiusmod tempor incididunt ut labore et dolore magna aliqua. Ut enim ad ',1),(145,'Part17','Lorem ipsum dolor sit amet, consectetur adipiscing elit, sed do eiusmod tempor incididunt ut labore et dolore magna aliqua. Ut enim ad ',1),(146,'Part18','Lorem ipsum dolor sit amet, consectetur adipiscing elit, sed do eiusmod tempor incididunt ut labore et dolore magna aliqua. Ut enim ad ',1),(147,'Part19','Lorem ipsum dolor sit amet, consectetur adipiscing elit, sed do eiusmod tempor incididunt ut labore et dolore magna aliqua. Ut enim ad ',1),(148,'Part24','Lorem ipsum dolor sit amet, consectetur adipiscing elit, sed do eiusmod tempor incididunt ut labore et dolore magna aliqua. Ut enim ad ',2),(149,'Part25','Lorem ipsum dolor sit amet, consectetur adipiscing elit, sed do eiusmod tempor incididunt ut labore et dolore magna aliqua. Ut enim ad ',2),(150,'Part26','Lorem ipsum dolor sit amet, consectetur adipiscing elit, sed do eiusmod tempor incididunt ut labore et dolore magna aliqua. Ut enim ad ',2),(151,'Part27','Lorem ipsum dolor sit amet, consectetur adipiscing elit, sed do eiusmod tempor incididunt ut labore et dolore magna aliqua. Ut enim ad ',2),(152,'Part28','Lorem ipsum dolor sit amet, consectetur adipiscing elit, sed do eiusmod tempor incididunt ut labore et dolore magna aliqua. Ut enim ad ',2),(153,'Part29','Lorem ipsum dolor sit amet, consectetur adipiscing elit, sed do eiusmod tempor incididunt ut labore et dolore magna aliqua. Ut enim ad ',2),(154,'Part34','Lorem ipsum dolor sit amet, consectetur adipiscing elit, sed do eiusmod tempor incididunt ut labore et dolore magna aliqua. Ut enim ad ',3),(155,'Part35','Lorem ipsum dolor sit amet, consectetur adipiscing elit, sed do eiusmod tempor incididunt ut labore et dolore magna aliqua. Ut enim ad ',3),(156,'Part36','Lorem ipsum dolor sit amet, consectetur adipiscing elit, sed do eiusmod tempor incididunt ut labore et dolore magna aliqua. Ut enim ad ',3),(157,'Part37','Lorem ipsum dolor sit amet, consectetur adipiscing elit, sed do eiusmod tempor incididunt ut labore et dolore magna aliqua. Ut enim ad ',3),(158,'Part38','Lorem ipsum dolor sit amet, consectetur adipiscing elit, sed do eiusmod tempor incididunt ut labore et dolore magna aliqua. Ut enim ad ',3),(159,'Part39','Lorem ipsum dolor sit amet, consectetur adipiscing elit, sed do eiusmod tempor incididunt ut labore et dolore magna aliqua. Ut enim ad ',3),(160,'Part44','Lorem ipsum dolor sit amet, consectetur adipiscing elit, sed do eiusmod tempor incididunt ut labore et dolore magna aliqua. Ut enim ad ',4),(161,'Part45','Lorem ipsum dolor sit amet, consectetur adipiscing elit, sed do eiusmod tempor incididunt ut labore et dolore magna aliqua. Ut enim ad ',4),(162,'Part46','Lorem ipsum dolor sit amet, consectetur adipiscing elit, sed do eiusmod tempor incididunt ut labore et dolore magna aliqua. Ut enim ad ',4),(163,'Part47','Lorem ipsum dolor sit amet, consectetur adipiscing elit, sed do eiusmod tempor incididunt ut labore et dolore magna aliqua. Ut enim ad ',4),(164,'Part48','Lorem ipsum dolor sit amet, consectetur adipiscing elit, sed do eiusmod tempor incididunt ut labore et dolore magna aliqua. Ut enim ad ',4),(165,'Part49','Lorem ipsum dolor sit amet, consectetur adipiscing elit, sed do eiusmod tempor incididunt ut labore et dolore magna aliqua. Ut enim ad ',4),(166,'Part54','Lorem ipsum dolor sit amet, consectetur adipiscing elit, sed do eiusmod tempor incididunt ut labore et dolore magna aliqua. Ut enim ad ',5),(167,'Part55','Lorem ipsum dolor sit amet, consectetur adipiscing elit, sed do eiusmod tempor incididunt ut labore et dolore magna aliqua. Ut enim ad ',5),(168,'Part56','Lorem ipsum dolor sit amet, consectetur adipiscing elit, sed do eiusmod tempor incididunt ut labore et dolore magna aliqua. Ut enim ad ',5),(169,'Part57','Lorem ipsum dolor sit amet, consectetur adipiscing elit, sed do eiusmod tempor incididunt ut labore et dolore magna aliqua. Ut enim ad ',5),(170,'Part58','Lorem ipsum dolor sit amet, consectetur adipiscing elit, sed do eiusmod tempor incididunt ut labore et dolore magna aliqua. Ut enim ad ',5),(171,'Part59','Lorem ipsum dolor sit amet, consectetur adipiscing elit, sed do eiusmod tempor incididunt ut labore et dolore magna aliqua. Ut enim ad ',5),(172,'Part64','Lorem ipsum dolor sit amet, consectetur adipiscing elit, sed do eiusmod tempor incididunt ut labore et dolore magna aliqua. Ut enim ad ',6),(173,'Part65','Lorem ipsum dolor sit amet, consectetur adipiscing elit, sed do eiusmod tempor incididunt ut labore et dolore magna aliqua. Ut enim ad ',6),(174,'Part66','Lorem ipsum dolor sit amet, consectetur adipiscing elit, sed do eiusmod tempor incididunt ut labore et dolore magna aliqua. Ut enim ad ',6),(175,'Part67','Lorem ipsum dolor sit amet, consectetur adipiscing elit, sed do eiusmod tempor incididunt ut labore et dolore magna aliqua. Ut enim ad ',6),(176,'Part68','Lorem ipsum dolor sit amet, consectetur adipiscing elit, sed do eiusmod tempor incididunt ut labore et dolore magna aliqua. Ut enim ad ',6),(177,'Part69','Lorem ipsum dolor sit amet, consectetur adipiscing elit, sed do eiusmod tempor incididunt ut labore et dolore magna aliqua. Ut enim ad ',6),(178,'Part74','Lorem ipsum dolor sit amet, consectetur adipiscing elit, sed do eiusmod tempor incididunt ut labore et dolore magna aliqua. Ut enim ad ',7),(179,'Part75','Lorem ipsum dolor sit amet, consectetur adipiscing elit, sed do eiusmod tempor incididunt ut labore et dolore magna aliqua. Ut enim ad ',7),(180,'Part76','Lorem ipsum dolor sit amet, consectetur adipiscing elit, sed do eiusmod tempor incididunt ut labore et dolore magna aliqua. Ut enim ad ',7),(181,'Part77','Lorem ipsum dolor sit amet, consectetur adipiscing elit, sed do eiusmod tempor incididunt ut labore et dolore magna aliqua. Ut enim ad ',7),(182,'Part78','Lorem ipsum dolor sit amet, consectetur adipiscing elit, sed do eiusmod tempor incididunt ut labore et dolore magna aliqua. Ut enim ad ',7),(183,'Part79','Lorem ipsum dolor sit amet, consectetur adipiscing elit, sed do eiusmod tempor incididunt ut labore et dolore magna aliqua. Ut enim ad ',7),(184,'Part84','Lorem ipsum dolor sit amet, consectetur adipiscing elit, sed do eiusmod tempor incididunt ut labore et dolore magna aliqua. Ut enim ad ',8),(185,'Part85','Lorem ipsum dolor sit amet, consectetur adipiscing elit, sed do eiusmod tempor incididunt ut labore et dolore magna aliqua. Ut enim ad ',8),(186,'Part86','Lorem ipsum dolor sit amet, consectetur adipiscing elit, sed do eiusmod tempor incididunt ut labore et dolore magna aliqua. Ut enim ad ',8),(187,'Part87','Lorem ipsum dolor sit amet, consectetur adipiscing elit, sed do eiusmod tempor incididunt ut labore et dolore magna aliqua. Ut enim ad ',8),(188,'Part88','Lorem ipsum dolor sit amet, consectetur adipiscing elit, sed do eiusmod tempor incididunt ut labore et dolore magna aliqua. Ut enim ad ',8),(189,'Part89','Lorem ipsum dolor sit amet, consectetur adipiscing elit, sed do eiusmod tempor incididunt ut labore et dolore magna aliqua. Ut enim ad ',8),(190,'Part94','Lorem ipsum dolor sit amet, consectetur adipiscing elit, sed do eiusmod tempor incididunt ut labore et dolore magna aliqua. Ut enim ad ',9),(191,'Part95','Lorem ipsum dolor sit amet, consectetur adipiscing elit, sed do eiusmod tempor incididunt ut labore et dolore magna aliqua. Ut enim ad ',9),(192,'Part96','Lorem ipsum dolor sit amet, consectetur adipiscing elit, sed do eiusmod tempor incididunt ut labore et dolore magna aliqua. Ut enim ad ',9),(193,'Part97','Lorem ipsum dolor sit amet, consectetur adipiscing elit, sed do eiusmod tempor incididunt ut labore et dolore magna aliqua. Ut enim ad ',9),(194,'Part98','Lorem ipsum dolor sit amet, consectetur adipiscing elit, sed do eiusmod tempor incididunt ut labore et dolore magna aliqua. Ut enim ad ',9),(195,'Part99','Lorem ipsum dolor sit amet, consectetur adipiscing elit, sed do eiusmod tempor incididunt ut labore et dolore magna aliqua. Ut enim ad ',9),(196,'Part104','Lorem ipsum dolor sit amet, consectetur adipiscing elit, sed do eiusmod tempor incididunt ut labore et dolore magna aliqua. Ut enim ad ',10),(197,'Part105','Lorem ipsum dolor sit amet, consectetur adipiscing elit, sed do eiusmod tempor incididunt ut labore et dolore magna aliqua. Ut enim ad ',10),(198,'Part106','Lorem ipsum dolor sit amet, consectetur adipiscing elit, sed do eiusmod tempor incididunt ut labore et dolore magna aliqua. Ut enim ad ',10),(199,'Part107','Lorem ipsum dolor sit amet, consectetur adipiscing elit, sed do eiusmod tempor incididunt ut labore et dolore magna aliqua. Ut enim ad ',10),(200,'Part108','Lorem ipsum dolor sit amet, consectetur adipiscing elit, sed do eiusmod tempor incididunt ut labore et dolore magna aliqua. Ut enim ad ',10),(201,'Part109','Lorem ipsum dolor sit amet, consectetur adipiscing elit, sed do eiusmod tempor incididunt ut labore et dolore magna aliqua. Ut enim ad ',10),(202,'Part114','Lorem ipsum dolor sit amet, consectetur adipiscing elit, sed do eiusmod tempor incididunt ut labore et dolore magna aliqua. Ut enim ad ',11),(203,'Part115','Lorem ipsum dolor sit amet, consectetur adipiscing elit, sed do eiusmod tempor incididunt ut labore et dolore magna aliqua. Ut enim ad ',11),(204,'Part116','Lorem ipsum dolor sit amet, consectetur adipiscing elit, sed do eiusmod tempor incididunt ut labore et dolore magna aliqua. Ut enim ad ',11),(205,'Part117','Lorem ipsum dolor sit amet, consectetur adipiscing elit, sed do eiusmod tempor incididunt ut labore et dolore magna aliqua. Ut enim ad ',11),(206,'Part118','Lorem ipsum dolor sit amet, consectetur adipiscing elit, sed do eiusmod tempor incididunt ut labore et dolore magna aliqua. Ut enim ad ',11),(207,'Part119','Lorem ipsum dolor sit amet, consectetur adipiscing elit, sed do eiusmod tempor incididunt ut labore et dolore magna aliqua. Ut enim ad ',11),(208,'Part124','Lorem ipsum dolor sit amet, consectetur adipiscing elit, sed do eiusmod tempor incididunt ut labore et dolore magna aliqua. Ut enim ad ',12),(209,'Part125','Lorem ipsum dolor sit amet, consectetur adipiscing elit, sed do eiusmod tempor incididunt ut labore et dolore magna aliqua. Ut enim ad ',12),(210,'Part126','Lorem ipsum dolor sit amet, consectetur adipiscing elit, sed do eiusmod tempor incididunt ut labore et dolore magna aliqua. Ut enim ad ',12),(211,'Part127','Lorem ipsum dolor sit amet, consectetur adipiscing elit, sed do eiusmod tempor incididunt ut labore et dolore magna aliqua. Ut enim ad ',12),(212,'Part128','Lorem ipsum dolor sit amet, consectetur adipiscing elit, sed do eiusmod tempor incididunt ut labore et dolore magna aliqua. Ut enim ad ',12),(213,'Part129','Lorem ipsum dolor sit amet, consectetur adipiscing elit, sed do eiusmod tempor incididunt ut labore et dolore magna aliqua. Ut enim ad ',12),(214,'Part134','Lorem ipsum dolor sit amet, consectetur adipiscing elit, sed do eiusmod tempor incididunt ut labore et dolore magna aliqua. Ut enim ad ',13),(215,'Part135','Lorem ipsum dolor sit amet, consectetur adipiscing elit, sed do eiusmod tempor incididunt ut labore et dolore magna aliqua. Ut enim ad ',13),(216,'Part136','Lorem ipsum dolor sit amet, consectetur adipiscing elit, sed do eiusmod tempor incididunt ut labore et dolore magna aliqua. Ut enim ad ',13),(217,'Part137','Lorem ipsum dolor sit amet, consectetur adipiscing elit, sed do eiusmod tempor incididunt ut labore et dolore magna aliqua. Ut enim ad ',13),(218,'Part138','Lorem ipsum dolor sit amet, consectetur adipiscing elit, sed do eiusmod tempor incididunt ut labore et dolore magna aliqua. Ut enim ad ',13),(219,'Part139','Lorem ipsum dolor sit amet, consectetur adipiscing elit, sed do eiusmod tempor incididunt ut labore et dolore magna aliqua. Ut enim ad ',13),(220,'Part144','Lorem ipsum dolor sit amet, consectetur adipiscing elit, sed do eiusmod tempor incididunt ut labore et dolore magna aliqua. Ut enim ad ',14),(221,'Part145','Lorem ipsum dolor sit amet, consectetur adipiscing elit, sed do eiusmod tempor incididunt ut labore et dolore magna aliqua. Ut enim ad ',14),(222,'Part146','Lorem ipsum dolor sit amet, consectetur adipiscing elit, sed do eiusmod tempor incididunt ut labore et dolore magna aliqua. Ut enim ad ',14),(223,'Part147','Lorem ipsum dolor sit amet, consectetur adipiscing elit, sed do eiusmod tempor incididunt ut labore et dolore magna aliqua. Ut enim ad ',14),(224,'Part148','Lorem ipsum dolor sit amet, consectetur adipiscing elit, sed do eiusmod tempor incididunt ut labore et dolore magna aliqua. Ut enim ad ',14),(225,'Part149','Lorem ipsum dolor sit amet, consectetur adipiscing elit, sed do eiusmod tempor incididunt ut labore et dolore magna aliqua. Ut enim ad ',14),(226,'Part154','Lorem ipsum dolor sit amet, consectetur adipiscing elit, sed do eiusmod tempor incididunt ut labore et dolore magna aliqua. Ut enim ad ',15),(227,'Part155','Lorem ipsum dolor sit amet, consectetur adipiscing elit, sed do eiusmod tempor incididunt ut labore et dolore magna aliqua. Ut enim ad ',15),(228,'Part156','Lorem ipsum dolor sit amet, consectetur adipiscing elit, sed do eiusmod tempor incididunt ut labore et dolore magna aliqua. Ut enim ad ',15),(229,'Part157','Lorem ipsum dolor sit amet, consectetur adipiscing elit, sed do eiusmod tempor incididunt ut labore et dolore magna aliqua. Ut enim ad ',15),(230,'Part158','Lorem ipsum dolor sit amet, consectetur adipiscing elit, sed do eiusmod tempor incididunt ut labore et dolore magna aliqua. Ut enim ad ',15),(231,'Part159','Lorem ipsum dolor sit amet, consectetur adipiscing elit, sed do eiusmod tempor incididunt ut labore et dolore magna aliqua. Ut enim ad ',15),(232,'Part164','Lorem ipsum dolor sit amet, consectetur adipiscing elit, sed do eiusmod tempor incididunt ut labore et dolore magna aliqua. Ut enim ad ',16),(233,'Part165','Lorem ipsum dolor sit amet, consectetur adipiscing elit, sed do eiusmod tempor incididunt ut labore et dolore magna aliqua. Ut enim ad ',16),(234,'Part166','Lorem ipsum dolor sit amet, consectetur adipiscing elit, sed do eiusmod tempor incididunt ut labore et dolore magna aliqua. Ut enim ad ',16),(235,'Part167','Lorem ipsum dolor sit amet, consectetur adipiscing elit, sed do eiusmod tempor incididunt ut labore et dolore magna aliqua. Ut enim ad ',16),(236,'Part168','Lorem ipsum dolor sit amet, consectetur adipiscing elit, sed do eiusmod tempor incididunt ut labore et dolore magna aliqua. Ut enim ad ',16),(237,'Part169','Lorem ipsum dolor sit amet, consectetur adipiscing elit, sed do eiusmod tempor incididunt ut labore et dolore magna aliqua. Ut enim ad ',16),(238,'Part174','Lorem ipsum dolor sit amet, consectetur adipiscing elit, sed do eiusmod tempor incididunt ut labore et dolore magna aliqua. Ut enim ad ',17),(239,'Part175','Lorem ipsum dolor sit amet, consectetur adipiscing elit, sed do eiusmod tempor incididunt ut labore et dolore magna aliqua. Ut enim ad ',17),(240,'Part176','Lorem ipsum dolor sit amet, consectetur adipiscing elit, sed do eiusmod tempor incididunt ut labore et dolore magna aliqua. Ut enim ad ',17),(241,'Part177','Lorem ipsum dolor sit amet, consectetur adipiscing elit, sed do eiusmod tempor incididunt ut labore et dolore magna aliqua. Ut enim ad ',17),(242,'Part178','Lorem ipsum dolor sit amet, consectetur adipiscing elit, sed do eiusmod tempor incididunt ut labore et dolore magna aliqua. Ut enim ad ',17),(243,'Part179','Lorem ipsum dolor sit amet, consectetur adipiscing elit, sed do eiusmod tempor incididunt ut labore et dolore magna aliqua. Ut enim ad ',17),(244,'Part184','Lorem ipsum dolor sit amet, consectetur adipiscing elit, sed do eiusmod tempor incididunt ut labore et dolore magna aliqua. Ut enim ad ',18),(245,'Part185','Lorem ipsum dolor sit amet, consectetur adipiscing elit, sed do eiusmod tempor incididunt ut labore et dolore magna aliqua. Ut enim ad ',18),(246,'Part186','Lorem ipsum dolor sit amet, consectetur adipiscing elit, sed do eiusmod tempor incididunt ut labore et dolore magna aliqua. Ut enim ad ',18),(247,'Part187','Lorem ipsum dolor sit amet, consectetur adipiscing elit, sed do eiusmod tempor incididunt ut labore et dolore magna aliqua. Ut enim ad ',18),(248,'Part188','Lorem ipsum dolor sit amet, consectetur adipiscing elit, sed do eiusmod tempor incididunt ut labore et dolore magna aliqua. Ut enim ad ',18),(249,'Part189','Lorem ipsum dolor sit amet, consectetur adipiscing elit, sed do eiusmod tempor incididunt ut labore et dolore magna aliqua. Ut enim ad ',18),(250,'Part194','Lorem ipsum dolor sit amet, consectetur adipiscing elit, sed do eiusmod tempor incididunt ut labore et dolore magna aliqua. Ut enim ad ',19),(251,'Part195','Lorem ipsum dolor sit amet, consectetur adipiscing elit, sed do eiusmod tempor incididunt ut labore et dolore magna aliqua. Ut enim ad ',19),(252,'Part196','Lorem ipsum dolor sit amet, consectetur adipiscing elit, sed do eiusmod tempor incididunt ut labore et dolore magna aliqua. Ut enim ad ',19),(253,'Part197','Lorem ipsum dolor sit amet, consectetur adipiscing elit, sed do eiusmod tempor incididunt ut labore et dolore magna aliqua. Ut enim ad ',19),(254,'Part198','Lorem ipsum dolor sit amet, consectetur adipiscing elit, sed do eiusmod tempor incididunt ut labore et dolore magna aliqua. Ut enim ad ',19),(255,'Part199','Lorem ipsum dolor sit amet, consectetur adipiscing elit, sed do eiusmod tempor incididunt ut labore et dolore magna aliqua. Ut enim ad ',19),(256,'Part204','Lorem ipsum dolor sit amet, consectetur adipiscing elit, sed do eiusmod tempor incididunt ut labore et dolore magna aliqua. Ut enim ad ',20),(257,'Part205','Lorem ipsum dolor sit amet, consectetur adipiscing elit, sed do eiusmod tempor incididunt ut labore et dolore magna aliqua. Ut enim ad ',20),(258,'Part206','Lorem ipsum dolor sit amet, consectetur adipiscing elit, sed do eiusmod tempor incididunt ut labore et dolore magna aliqua. Ut enim ad ',20),(259,'Part207','Lorem ipsum dolor sit amet, consectetur adipiscing elit, sed do eiusmod tempor incididunt ut labore et dolore magna aliqua. Ut enim ad ',20),(260,'Part208','Lorem ipsum dolor sit amet, consectetur adipiscing elit, sed do eiusmod tempor incididunt ut labore et dolore magna aliqua. Ut enim ad ',20),(261,'Part209','Lorem ipsum dolor sit amet, consectetur adipiscing elit, sed do eiusmod tempor incididunt ut labore et dolore magna aliqua. Ut enim ad ',20),(262,'Part214','Lorem ipsum dolor sit amet, consectetur adipiscing elit, sed do eiusmod tempor incididunt ut labore et dolore magna aliqua. Ut enim ad ',21),(263,'Part215','Lorem ipsum dolor sit amet, consectetur adipiscing elit, sed do eiusmod tempor incididunt ut labore et dolore magna aliqua. Ut enim ad ',21),(264,'Part216','Lorem ipsum dolor sit amet, consectetur adipiscing elit, sed do eiusmod tempor incididunt ut labore et dolore magna aliqua. Ut enim ad ',21),(265,'Part217','Lorem ipsum dolor sit amet, consectetur adipiscing elit, sed do eiusmod tempor incididunt ut labore et dolore magna aliqua. Ut enim ad ',21),(266,'Part218','Lorem ipsum dolor sit amet, consectetur adipiscing elit, sed do eiusmod tempor incididunt ut labore et dolore magna aliqua. Ut enim ad ',21),(267,'Part219','Lorem ipsum dolor sit amet, consectetur adipiscing elit, sed do eiusmod tempor incididunt ut labore et dolore magna aliqua. Ut enim ad ',21),(268,'Part224','Lorem ipsum dolor sit amet, consectetur adipiscing elit, sed do eiusmod tempor incididunt ut labore et dolore magna aliqua. Ut enim ad ',22),(269,'Part225','Lorem ipsum dolor sit amet, consectetur adipiscing elit, sed do eiusmod tempor incididunt ut labore et dolore magna aliqua. Ut enim ad ',22),(270,'Part226','Lorem ipsum dolor sit amet, consectetur adipiscing elit, sed do eiusmod tempor incididunt ut labore et dolore magna aliqua. Ut enim ad ',22),(271,'Part227','Lorem ipsum dolor sit amet, consectetur adipiscing elit, sed do eiusmod tempor incididunt ut labore et dolore magna aliqua. Ut enim ad ',22),(272,'Part228','Lorem ipsum dolor sit amet, consectetur adipiscing elit, sed do eiusmod tempor incididunt ut labore et dolore magna aliqua. Ut enim ad ',22),(273,'Part229','Lorem ipsum dolor sit amet, consectetur adipiscing elit, sed do eiusmod tempor incididunt ut labore et dolore magna aliqua. Ut enim ad ',22);
/*!40000 ALTER TABLE `Parts` ENABLE KEYS */;
UNLOCK TABLES;

--
-- Table structure for table `Project`
--

DROP TABLE IF EXISTS `Project`;
/*!40101 SET @saved_cs_client     = @@character_set_client */;
/*!50503 SET character_set_client = utf8mb4 */;
CREATE TABLE `Project` (
  `project_id` int NOT NULL AUTO_INCREMENT,
  `name` varchar(100) NOT NULL,
  `description` varchar(2000) NOT NULL,
  `fk_student_owner` int DEFAULT NULL,
  `fk_faculty_owner` int DEFAULT NULL,
  PRIMARY KEY (`project_id`),
  KEY `fk_faculty_idx` (`fk_faculty_owner`),
  KEY `fk_student_idx` (`fk_student_owner`),
  CONSTRAINT `fk_faculty` FOREIGN KEY (`fk_faculty_owner`) REFERENCES `User` (`id`),
  CONSTRAINT `fk_student` FOREIGN KEY (`fk_student_owner`) REFERENCES `User` (`id`)
) ENGINE=InnoDB AUTO_INCREMENT=34 DEFAULT CHARSET=utf8mb4 COLLATE=utf8mb4_0900_ai_ci;
/*!40101 SET character_set_client = @saved_cs_client */;

--
-- Dumping data for table `Project`
--

LOCK TABLES `Project` WRITE;
/*!40000 ALTER TABLE `Project` DISABLE KEYS */;
INSERT INTO `Project` VALUES (1,'Vazado','Vasado, a computa-\ntional stack of IoT data stream acceleration that comprises\na programming API in Python to express IoT applications, a\nruntime system component that runs in privileged mode, and\nVasado Core an in-network hardware accelerator template.\nWe use the abstraction of topics from asynchronous PubSub\ncommunication model to tie together the three aforementioned\ncomponents and simultaneously provide ultra-low latency for\nthe critical path and high throughput for the analytics path',1,6),(2,'FAMGRAPH','RDMA Library for sparse very large graphs',7,6),(3,'Super Fast Compute','This is the fastest compute ever',2,6),(4,'Quantum In-memory Disk','Lorem ipsum dolor sit amet, consectetur adipiscing elit, sed do eiusmod tempor incididunt ut labore et dolore magna aliqua. Ut enim ad minim veniam, quis nostrud exercitation ullamco laboris nisi ut aliquip ex ea commodo consequat. Duis aute irure dolor in reprehenderit in voluptate velit esse cillum dolore eu fugiat nulla pariatur. Excepteur sint occaecat cupidatat non proident, sunt in culpa qui officia deserunt mollit anim id est laborum',29,106),(5,'Fast Accelerator Accelerator','Lorem ipsum dolor sit amet, consectetur adipiscing elit, sed do eiusmod tempor incididunt ut labore et dolore magna aliqua. Ut enim ad minim veniam, quis nostrud exercitation ullamco laboris nisi ut aliquip ex',30,103),(6,'In-memory Accelerator In-memory','Lorem ipsum dolor sit amet, consectetur adipiscing elit, sed do eiusmod tempor incididunt ut labore et dolore magna aliqua. Ut enim ad minim veniam, quis nostrud exercitation ullamco laboris nisi ut aliquip ex',29,6),(7,'React In-memory Database','Lorem ipsum dolor sit amet, consectetur adipiscing elit, sed do eiusmod tempor incididunt ut labore et dolore magna aliqua. Ut enim ad minim veniam, quis nostrud exercitation ullamco laboris nisi ut aliquip ex',85,99),(8,'Accelerator Database In-memory','Lorem ipsum dolor sit amet, consectetur adipiscing elit, sed do eiusmod tempor incididunt ut labore et dolore magna aliqua. Ut enim ad minim veniam, quis nostrud exercitation ullamco laboris nisi ut aliquip ex',85,102),(9,'Accelerator Fast Slow','Lorem ipsum dolor sit amet, consectetur adipiscing elit, sed do eiusmod tempor incididunt ut labore et dolore magna aliqua. Ut enim ad minim veniam, quis nostrud exercitation ullamco laboris nisi ut aliquip ex',59,102),(10,'Fast React Accelerator','Lorem ipsum dolor sit amet, consectetur adipiscing elit, sed do eiusmod tempor incididunt ut labore et dolore magna aliqua. Ut enim ad minim veniam, quis nostrud exercitation ullamco laboris nisi ut aliquip ex',82,6),(11,'In-memory Fast In-memory','Lorem ipsum dolor sit amet, consectetur adipiscing elit, sed do eiusmod tempor incididunt ut labore et dolore magna aliqua. Ut enim ad minim veniam, quis nostrud exercitation ullamco laboris nisi ut aliquip ex',31,101),(12,'Disk Fast Fast','Lorem ipsum dolor sit amet, consectetur adipiscing elit, sed do eiusmod tempor incididunt ut labore et dolore magna aliqua. Ut enim ad minim veniam, quis nostrud exercitation ullamco laboris nisi ut aliquip ex',82,103),(13,'Slow Ultra Database','Lorem ipsum dolor sit amet, consectetur adipiscing elit, sed do eiusmod tempor incididunt ut labore et dolore magna aliqua. Ut enim ad minim veniam, quis nostrud exercitation ullamco laboris nisi ut aliquip ex',83,108),(14,'Accelerator Database Disk','Lorem ipsum dolor sit amet, consectetur adipiscing elit, sed do eiusmod tempor incididunt ut labore et dolore magna aliqua. Ut enim ad minim veniam, quis nostrud exercitation ullamco laboris nisi ut aliquip ex',33,95),(15,'Fast Ultra In-memory','Lorem ipsum dolor sit amet, consectetur adipiscing elit, sed do eiusmod tempor incididunt ut labore et dolore magna aliqua. Ut enim ad minim veniam, quis nostrud exercitation ullamco laboris nisi ut aliquip ex',46,106),(16,'Accelerator Database Fast','Lorem ipsum dolor sit amet, consectetur adipiscing elit, sed do eiusmod tempor incididunt ut labore et dolore magna aliqua. Ut enim ad minim veniam, quis nostrud exercitation ullamco laboris nisi ut aliquip ex',7,107),(17,'Quantum In-memory Accelerator','Lorem ipsum dolor sit amet, consectetur adipiscing elit, sed do eiusmod tempor incididunt ut labore et dolore magna aliqua. Ut enim ad minim veniam, quis nostrud exercitation ullamco laboris nisi ut aliquip ex',81,102),(18,'Database React Disk','Lorem ipsum dolor sit amet, consectetur adipiscing elit, sed do eiusmod tempor incididunt ut labore et dolore magna aliqua. Ut enim ad minim veniam, quis nostrud exercitation ullamco laboris nisi ut aliquip ex',28,97),(19,'Ultra Disk React','Lorem ipsum dolor sit amet, consectetur adipiscing elit, sed do eiusmod tempor incididunt ut labore et dolore magna aliqua. Ut enim ad minim veniam, quis nostrud exercitation ullamco laboris nisi ut aliquip ex',1,100),(20,'Accelerator Database Slow','Lorem ipsum dolor sit amet, consectetur adipiscing elit, sed do eiusmod tempor incididunt ut labore et dolore magna aliqua. Ut enim ad minim veniam, quis nostrud exercitation ullamco laboris nisi ut aliquip ex',82,6),(21,'Disk Ultra Accelerator','Lorem ipsum dolor sit amet, consectetur adipiscing elit, sed do eiusmod tempor incididunt ut labore et dolore magna aliqua. Ut enim ad minim veniam, quis nostrud exercitation ullamco laboris nisi ut aliquip ex',1,104),(22,'Accelerator Disk Disk','Lorem ipsum dolor sit amet, consectetur adipiscing elit, sed do eiusmod tempor incididunt ut labore et dolore magna aliqua. Ut enim ad minim veniam, quis nostrud exercitation ullamco laboris nisi ut aliquip ex',55,98),(23,'Slow Disk In-memory','Lorem ipsum dolor sit amet, consectetur adipiscing elit, sed do eiusmod tempor incididunt ut labore et dolore magna aliqua. Ut enim ad minim veniam, quis nostrud exercitation ullamco laboris nisi ut aliquip ex',48,101),(24,'Ultra Database Disk','Lorem ipsum dolor sit amet, consectetur adipiscing elit, sed do eiusmod tempor incididunt ut labore et dolore magna aliqua. Ut enim ad minim veniam, quis nostrud exercitation ullamco laboris nisi ut aliquip ex',49,92),(25,'Ultra Disk Fast','Lorem ipsum dolor sit amet, consectetur adipiscing elit, sed do eiusmod tempor incididunt ut labore et dolore magna aliqua. Ut enim ad minim veniam, quis nostrud exercitation ullamco laboris nisi ut aliquip ex',39,103),(26,'Database Slow Ultra','Lorem ipsum dolor sit amet, consectetur adipiscing elit, sed do eiusmod tempor incididunt ut labore et dolore magna aliqua. Ut enim ad minim veniam, quis nostrud exercitation ullamco laboris nisi ut aliquip ex',87,96),(27,'Database Ultra In-memory','Lorem ipsum dolor sit amet, consectetur adipiscing elit, sed do eiusmod tempor incididunt ut labore et dolore magna aliqua. Ut enim ad minim veniam, quis nostrud exercitation ullamco laboris nisi ut aliquip ex',58,102),(28,'Database Quantum Database','Lorem ipsum dolor sit amet, consectetur adipiscing elit, sed do eiusmod tempor incididunt ut labore et dolore magna aliqua. Ut enim ad minim veniam, quis nostrud exercitation ullamco laboris nisi ut aliquip ex',46,99),(29,'React Quantum Accelerator','Lorem ipsum dolor sit amet, consectetur adipiscing elit, sed do eiusmod tempor incididunt ut labore et dolore magna aliqua. Ut enim ad minim veniam, quis nostrud exercitation ullamco laboris nisi ut aliquip ex',78,99),(30,'Ultra Fast Disk','Lorem ipsum dolor sit amet, consectetur adipiscing elit, sed do eiusmod tempor incididunt ut labore et dolore magna aliqua. Ut enim ad minim veniam, quis nostrud exercitation ullamco laboris nisi ut aliquip ex',56,97),(31,'Database Accelerator Disk','Lorem ipsum dolor sit amet, consectetur adipiscing elit, sed do eiusmod tempor incididunt ut labore et dolore magna aliqua. Ut enim ad minim veniam, quis nostrud exercitation ullamco laboris nisi ut aliquip ex',5,6),(32,'Fast Fast Ultra','Lorem ipsum dolor sit amet, consectetur adipiscing elit, sed do eiusmod tempor incididunt ut labore et dolore magna aliqua. Ut enim ad minim veniam, quis nostrud exercitation ullamco laboris nisi ut aliquip ex',35,105),(33,'React React Fast','Lorem ipsum dolor sit amet, consectetur adipiscing elit, sed do eiusmod tempor incididunt ut labore et dolore magna aliqua. Ut enim ad minim veniam, quis nostrud exercitation ullamco laboris nisi ut aliquip ex',65,101);
/*!40000 ALTER TABLE `Project` ENABLE KEYS */;
UNLOCK TABLES;

--
-- Table structure for table `Student`
--

DROP TABLE IF EXISTS `Student`;
/*!40101 SET @saved_cs_client     = @@character_set_client */;
/*!50503 SET character_set_client = utf8mb4 */;
CREATE TABLE `Student` (
  `User_id` int NOT NULL,
  PRIMARY KEY (`User_id`),
  CONSTRAINT `fk_Student_User` FOREIGN KEY (`User_id`) REFERENCES `User` (`id`)
) ENGINE=InnoDB DEFAULT CHARSET=utf8mb4 COLLATE=utf8mb4_0900_ai_ci;
/*!40101 SET character_set_client = @saved_cs_client */;

--
-- Dumping data for table `Student`
--

LOCK TABLES `Student` WRITE;
/*!40000 ALTER TABLE `Student` DISABLE KEYS */;
INSERT INTO `Student` VALUES (1);
/*!40000 ALTER TABLE `Student` ENABLE KEYS */;
UNLOCK TABLES;

--
-- Table structure for table `Testbed`
--

DROP TABLE IF EXISTS `Testbed`;
/*!40101 SET @saved_cs_client     = @@character_set_client */;
/*!50503 SET character_set_client = utf8mb4 */;
CREATE TABLE `Testbed` (
  `Testbed` int NOT NULL AUTO_INCREMENT,
  `tb_name` varchar(45) NOT NULL,
  `tb_description` varchar(400) NOT NULL,
  `fk_tb_faculty_owner` int NOT NULL,
  `parts` varchar(45) DEFAULT NULL,
  PRIMARY KEY (`Testbed`),
  KEY `fk_Testbed_1_idx` (`fk_tb_faculty_owner`),
  CONSTRAINT `fk_Testbed_1` FOREIGN KEY (`fk_tb_faculty_owner`) REFERENCES `User` (`id`)
) ENGINE=InnoDB AUTO_INCREMENT=23 DEFAULT CHARSET=utf8mb4 COLLATE=utf8mb4_0900_ai_ci;
/*!40101 SET character_set_client = @saved_cs_client */;

--
-- Dumping data for table `Testbed`
--

LOCK TABLES `Testbed` WRITE;
/*!40000 ALTER TABLE `Testbed` DISABLE KEYS */;
INSERT INTO `Testbed` VALUES (1,'Accell','A client server testbed with FPGA as bump in the wire accelerators. This testbed is located in Klaus, 1201 and is administered by Rafael Oliveira',6,NULL),(2,'Aeris','A client server testbed with 200 nodes and RDMA capabilities',6,NULL),(3,'Testbed0','Lorem ipsum dolor sit amet, consectetur adipiscing elit, sed do eiusmod tempor incididunt ut labore et dolore magna aliqua. Ut enim ad ',6,NULL),(4,'Testbed1','Lorem ipsum dolor sit amet, consectetur adipiscing elit, sed do eiusmod tempor incididunt ut labore et dolore magna aliqua. Ut enim ad ',90,NULL),(5,'Testbed2','Lorem ipsum dolor sit amet, consectetur adipiscing elit, sed do eiusmod tempor incididunt ut labore et dolore magna aliqua. Ut enim ad ',91,NULL),(6,'Testbed3','Lorem ipsum dolor sit amet, consectetur adipiscing elit, sed do eiusmod tempor incididunt ut labore et dolore magna aliqua. Ut enim ad ',92,NULL),(7,'Testbed4','Lorem ipsum dolor sit amet, consectetur adipiscing elit, sed do eiusmod tempor incididunt ut labore et dolore magna aliqua. Ut enim ad ',93,NULL),(8,'Testbed5','Lorem ipsum dolor sit amet, consectetur adipiscing elit, sed do eiusmod tempor incididunt ut labore et dolore magna aliqua. Ut enim ad ',94,NULL),(9,'Testbed6','Lorem ipsum dolor sit amet, consectetur adipiscing elit, sed do eiusmod tempor incididunt ut labore et dolore magna aliqua. Ut enim ad ',95,NULL),(10,'Testbed7','Lorem ipsum dolor sit amet, consectetur adipiscing elit, sed do eiusmod tempor incididunt ut labore et dolore magna aliqua. Ut enim ad ',96,NULL),(11,'Testbed8','Lorem ipsum dolor sit amet, consectetur adipiscing elit, sed do eiusmod tempor incididunt ut labore et dolore magna aliqua. Ut enim ad ',97,NULL),(12,'Testbed9','Lorem ipsum dolor sit amet, consectetur adipiscing elit, sed do eiusmod tempor incididunt ut labore et dolore magna aliqua. Ut enim ad ',98,NULL),(13,'Testbed10','Lorem ipsum dolor sit amet, consectetur adipiscing elit, sed do eiusmod tempor incididunt ut labore et dolore magna aliqua. Ut enim ad ',99,NULL),(14,'Testbed11','Lorem ipsum dolor sit amet, consectetur adipiscing elit, sed do eiusmod tempor incididunt ut labore et dolore magna aliqua. Ut enim ad ',100,NULL),(15,'Testbed12','Lorem ipsum dolor sit amet, consectetur adipiscing elit, sed do eiusmod tempor incididunt ut labore et dolore magna aliqua. Ut enim ad ',101,NULL),(16,'Testbed13','Lorem ipsum dolor sit amet, consectetur adipiscing elit, sed do eiusmod tempor incididunt ut labore et dolore magna aliqua. Ut enim ad ',102,NULL),(17,'Testbed14','Lorem ipsum dolor sit amet, consectetur adipiscing elit, sed do eiusmod tempor incididunt ut labore et dolore magna aliqua. Ut enim ad ',103,NULL),(18,'Testbed15','Lorem ipsum dolor sit amet, consectetur adipiscing elit, sed do eiusmod tempor incididunt ut labore et dolore magna aliqua. Ut enim ad ',104,NULL),(19,'Testbed16','Lorem ipsum dolor sit amet, consectetur adipiscing elit, sed do eiusmod tempor incididunt ut labore et dolore magna aliqua. Ut enim ad ',105,NULL),(20,'Testbed17','Lorem ipsum dolor sit amet, consectetur adipiscing elit, sed do eiusmod tempor incididunt ut labore et dolore magna aliqua. Ut enim ad ',106,NULL),(21,'Testbed18','Lorem ipsum dolor sit amet, consectetur adipiscing elit, sed do eiusmod tempor incididunt ut labore et dolore magna aliqua. Ut enim ad ',107,NULL),(22,'Testbed19','Lorem ipsum dolor sit amet, consectetur adipiscing elit, sed do eiusmod tempor incididunt ut labore et dolore magna aliqua. Ut enim ad ',108,NULL);
/*!40000 ALTER TABLE `Testbed` ENABLE KEYS */;
UNLOCK TABLES;

--
-- Table structure for table `User`
--

DROP TABLE IF EXISTS `User`;
/*!40101 SET @saved_cs_client     = @@character_set_client */;
/*!50503 SET character_set_client = utf8mb4 */;
CREATE TABLE `User` (
  `id` int NOT NULL AUTO_INCREMENT,
  `first_name` varchar(45) NOT NULL,
  `last_name` varchar(45) NOT NULL,
  `degree` varchar(45) NOT NULL,
  `major` varchar(45) NOT NULL,
  `username` varchar(45) DEFAULT NULL,
  `password` varchar(45) DEFAULT NULL,
  `token` varchar(45) DEFAULT NULL,
  `user_type` enum('faculty','student') DEFAULT NULL,
  PRIMARY KEY (`id`)
) ENGINE=InnoDB AUTO_INCREMENT=109 DEFAULT CHARSET=utf8mb4 COLLATE=utf8mb4_0900_ai_ci;
/*!40101 SET character_set_client = @saved_cs_client */;

--
-- Dumping data for table `User`
--

LOCK TABLES `User` WRITE;
/*!40000 ALTER TABLE `User` DISABLE KEYS */;
INSERT INTO `User` VALUES (1,'Rafael','Oliveira','PhD','Computer Science','brazil','12345',NULL,'student'),(2,'Paige','One','Post Doc','Quantum Physics','usa','12345',NULL,'student'),(3,'Student0','0','Master','Computer Science',NULL,NULL,NULL,'student'),(4,'Student1','1','Undergrad','Computer Science',NULL,NULL,NULL,'student'),(5,'Student2','2','PhD','Computer Science',NULL,NULL,NULL,'student'),(6,'Ada','Gavrilovska','PhD','Computer Science','macedonia','12345',NULL,'faculty'),(7,'Daniel','Zahka','Master','Computer Science','dannib','12345',NULL,'student'),(9,'Aaran','Caidan','Undergrad','Computer Science','Aaran','12345',NULL,'student'),(10,'Aaren','Adegbola','Undergrad','Computer Science','Aaren','12345',NULL,'student'),(11,'Aarez','Ahmad','Undergrad','Computer Science','Aarez','12345',NULL,'student'),(12,'Aarman','Azeem','Undergrad','Computer Science','Aarman','12345',NULL,'student'),(13,'Aaron','Anthony-John','Undergrad','Computer Science','Aaron','12345',NULL,'student'),(14,'Aaron-James','Brett','Undergrad','Computer Science','Aaron-James','12345',NULL,'student'),(15,'Aarron','Carrick','Undergrad','Computer Science','Aarron','12345',NULL,'student'),(16,'Aaryan','Azaan','Undergrad','Computer Science','Aaryan','12345',NULL,'student'),(17,'Aaryn','Aria','Undergrad','Computer Science','Aaryn','12345',NULL,'student'),(18,'Aayan','Ammer','Undergrad','Computer Science','Aayan','12345',NULL,'student'),(19,'Aazaan','Burhan','Undergrad','Computer Science','Aazaan','12345',NULL,'student'),(20,'Abaan','Alistair','Undergrad','Computer Science','Abaan','12345',NULL,'student'),(21,'Abbas','Aryankhan','Undergrad','Computer Science','Abbas','12345',NULL,'student'),(22,'Abdallah','Azedine','Undergrad','Computer Science','Abdallah','12345',NULL,'student'),(23,'Abdalroof','Aronas','Undergrad','Computer Science','Abdalroof','12345',NULL,'student'),(24,'Abdihakim','Ata','Undergrad','Computer Science','Abdihakim','12345',NULL,'student'),(25,'Abdirahman','Beau','Undergrad','Computer Science','Abdirahman','12345',NULL,'student'),(26,'Abdisalam','Brandyn','Undergrad','Computer Science','Abdisalam','12345',NULL,'student'),(27,'Abdul','Boyd','Undergrad','Computer Science','Abdul','12345',NULL,'student'),(28,'Abdul-Aziz','Alfred','Undergrad','Computer Science','Abdul-Aziz','12345',NULL,'student'),(29,'Abdulbasir','Benoit','Undergrad','Computer Science','Abdulbasir','12345',NULL,'student'),(30,'Abdulkadir','Alvin','Undergrad','Computer Science','Abdulkadir','12345',NULL,'student'),(31,'Abdulkarem','Aleem','Undergrad','Computer Science','Abdulkarem','12345',NULL,'student'),(32,'Abdulkhader','Awwal','Undergrad','Computer Science','Abdulkhader','12345',NULL,'student'),(33,'Abdullah','Aaron-James','Undergrad','Computer Science','Abdullah','12345',NULL,'student'),(34,'Abdul-Majeed','Campbel','Undergrad','Computer Science','Abdul-Majeed','12345',NULL,'student'),(35,'Abdulmalik','Burak','Undergrad','Computer Science','Abdulmalik','12345',NULL,'student'),(36,'Abdul-Rehman','Arsalan','Undergrad','Computer Science','Abdul-Rehman','12345',NULL,'student'),(37,'Abdur','Aytug','Undergrad','Computer Science','Abdur','12345',NULL,'student'),(38,'Abdurraheem','Butali','Undergrad','Computer Science','Abdurraheem','12345',NULL,'student'),(39,'Abdur-Rahman','Ajay','Undergrad','Computer Science','Abdur-Rahman','12345',NULL,'student'),(40,'Abdur-Rehmaan','Brody','Undergrad','Computer Science','Abdur-Rehmaan','12345',NULL,'student'),(41,'Abel','Cambell','Undergrad','Computer Science','Abel','12345',NULL,'student'),(42,'Abhinav','Brodie','Undergrad','Computer Science','Abhinav','12345',NULL,'student'),(43,'Abhisumant','Brooke','Undergrad','Computer Science','Abhisumant','12345',NULL,'student'),(44,'Abid','Casey','Undergrad','Computer Science','Abid','12345',NULL,'student'),(45,'Abir','Aidy','Undergrad','Computer Science','Abir','12345',NULL,'student'),(46,'Abraham','Bobby-Lee','Undergrad','Computer Science','Abraham','12345',NULL,'student'),(47,'Abu','Burak','Undergrad','Computer Science','Abu','12345',NULL,'student'),(48,'Abubakar','Bradley','Undergrad','Computer Science','Abubakar','12345',NULL,'student'),(49,'Ace','Ayaan','Undergrad','Computer Science','Ace','12345',NULL,'student'),(50,'Adain','Bill','Undergrad','Computer Science','Adain','12345',NULL,'student'),(51,'Adam','Annan','Undergrad','Computer Science','Adam','12345',NULL,'student'),(52,'Adam-James','Bowie','Undergrad','Computer Science','Adam-James','12345',NULL,'student'),(53,'Addison','Aria','Undergrad','Computer Science','Addison','12345',NULL,'student'),(54,'Addisson','Arsalan','Undergrad','Computer Science','Addisson','12345',NULL,'student'),(55,'Adegbola','Athol','Undergrad','Computer Science','Adegbola','12345',NULL,'student'),(56,'Adegbolahan','Anir','Undergrad','Computer Science','Adegbolahan','12345',NULL,'student'),(57,'Aden','Boyd','Undergrad','Computer Science','Aden','12345',NULL,'student'),(58,'Adenn','Caedan','Undergrad','Computer Science','Adenn','12345',NULL,'student'),(59,'Adie','Arran','Undergrad','Computer Science','Adie','12345',NULL,'student'),(60,'Adil','Caie','Undergrad','Computer Science','Adil','12345',NULL,'student'),(61,'Aditya','Ami','Undergrad','Computer Science','Aditya','12345',NULL,'student'),(62,'Adnan','Benjamyn','Undergrad','Computer Science','Adnan','12345',NULL,'student'),(63,'Adrian','Cadan','Undergrad','Computer Science','Adrian','12345',NULL,'student'),(64,'Adrien','Amir','Undergrad','Computer Science','Adrien','12345',NULL,'student'),(65,'Aedan','Caiden-Paul','Undergrad','Computer Science','Aedan','12345',NULL,'student'),(66,'Aedin','Ambanimoh','Undergrad','Computer Science','Aedin','12345',NULL,'student'),(67,'Aedyn','Brydon-Craig','Undergrad','Computer Science','Aedyn','12345',NULL,'student'),(68,'Aeron','Asa','Undergrad','Computer Science','Aeron','12345',NULL,'student'),(69,'Afonso','Abu','Undergrad','Computer Science','Afonso','12345',NULL,'student'),(70,'Ahmad','Bruin','Undergrad','Computer Science','Ahmad','12345',NULL,'student'),(71,'Ahmed','Aziz','Undergrad','Computer Science','Ahmed','12345',NULL,'student'),(72,'Ahmed-Aziz','Callahan','Undergrad','Computer Science','Ahmed-Aziz','12345',NULL,'student'),(73,'Ahoua','Babatunmise','Undergrad','Computer Science','Ahoua','12345',NULL,'student'),(74,'Ahtasham','Bowen','Undergrad','Computer Science','Ahtasham','12345',NULL,'student'),(75,'Aiadan','Antoine','Undergrad','Computer Science','Aiadan','12345',NULL,'student'),(76,'Aidan','Andrea','Undergrad','Computer Science','Aidan','12345',NULL,'student'),(77,'Aiden','Aryankhan','Undergrad','Computer Science','Aiden','12345',NULL,'student'),(78,'Aiden-Jack','Abdurraheem','Undergrad','Computer Science','Aiden-Jack','12345',NULL,'student'),(79,'Aiden-Vee','Azedine','Undergrad','Computer Science','Aiden-Vee','12345',NULL,'student'),(80,'Aidian','Alvern','Undergrad','Computer Science','Aidian','12345',NULL,'student'),(81,'Aidy','Andrea','Undergrad','Computer Science','Aidy','12345',NULL,'student'),(82,'Ailin','Alhaji','Undergrad','Computer Science','Ailin','12345',NULL,'student'),(83,'Aiman','Anubhav','Undergrad','Computer Science','Aiman','12345',NULL,'student'),(84,'Ainsley','Alessandro','Undergrad','Computer Science','Ainsley','12345',NULL,'student'),(85,'Ainslie','Beinn','Undergrad','Computer Science','Ainslie','12345',NULL,'student'),(86,'Airen','Ari','Undergrad','Computer Science','Airen','12345',NULL,'student'),(87,'Airidas','Aydin','Undergrad','Computer Science','Airidas','12345',NULL,'student'),(88,'Airlie','Badsha','Undergrad','Computer Science','Airlie','12345',NULL,'student'),(89,'AJ','Anmolpreet','Undergrad','Computer Science','AJ','12345',NULL,'student'),(90,'Ajay','Aytug','Master','Computer Science','Ajay','12345',NULL,'faculty'),(91,'A-Jay','Bryn','PhD','Computer Science','A-Jay','12345',NULL,'faculty'),(92,'Ajayraj','Carlos','PhD','Computer Science','Ajayraj','12345',NULL,'faculty'),(93,'Akan','Abdulkarem','Undergrad','Computer Science','Akan','12345',NULL,'faculty'),(94,'Akram','Bodhan','Master','Computer Science','Akram','12345',NULL,'faculty'),(95,'Al','Berkay','Undergrad','Computer Science','Al','12345',NULL,'faculty'),(96,'Ala','Blue','Undergrad','Computer Science','Ala','12345',NULL,'faculty'),(97,'Alan','Austin','Undergrad','Computer Science','Alan','12345',NULL,'faculty'),(98,'Alanas','Azeem','Master','Computer Science','Alanas','12345',NULL,'faculty'),(99,'Alasdair','Caethan','Undergrad','Computer Science','Alasdair','12345',NULL,'faculty'),(100,'Alastair','Awwal','PhD','Computer Science','Alastair','12345',NULL,'faculty'),(101,'Alber','Alphonse','PhD','Computer Science','Alber','12345',NULL,'faculty'),(102,'Albert','Athos-Carlos','PhD','Computer Science','Albert','12345',NULL,'faculty'),(103,'Albie','Awais','Undergrad','Computer Science','Albie','12345',NULL,'faculty'),(104,'Aldred','Barrie','Master','Computer Science','Aldred','12345',NULL,'faculty'),(105,'Alec','Ahmed-Aziz','Master','Computer Science','Alec','12345',NULL,'faculty'),(106,'Aled','Anton','Master','Computer Science','Aled','12345',NULL,'faculty'),(107,'Aleem','Brodi','Master','Computer Science','Aleem','12345',NULL,'faculty'),(108,'Aleksandar','Aronas','Undergrad','Computer Science','Aleksandar','12345',NULL,'faculty');
/*!40000 ALTER TABLE `User` ENABLE KEYS */;
UNLOCK TABLES;

--
-- Table structure for table `area_affinity`
--

DROP TABLE IF EXISTS `area_affinity`;
/*!40101 SET @saved_cs_client     = @@character_set_client */;
/*!50503 SET character_set_client = utf8mb4 */;
CREATE TABLE `area_affinity` (
  `af_id` int NOT NULL AUTO_INCREMENT,
  `fk_giver_id` int NOT NULL,
  `fk_receiver_id` int NOT NULL,
  `score` int NOT NULL,
  `fk_area_id` int NOT NULL,
  PRIMARY KEY (`af_id`),
  KEY `fk_area_affinity_1_idx` (`fk_giver_id`,`fk_receiver_id`),
  KEY `fk_area_affinity_2_idx` (`fk_area_id`),
  KEY `fk_receiever_idx` (`fk_receiver_id`),
  CONSTRAINT `fk_area` FOREIGN KEY (`fk_area_id`) REFERENCES `Area` (`area_id`),
  CONSTRAINT `fk_giver` FOREIGN KEY (`fk_giver_id`) REFERENCES `User` (`id`),
  CONSTRAINT `fk_receiever` FOREIGN KEY (`fk_receiver_id`) REFERENCES `User` (`id`)
) ENGINE=InnoDB AUTO_INCREMENT=550 DEFAULT CHARSET=utf8mb4 COLLATE=utf8mb4_0900_ai_ci;
/*!40101 SET character_set_client = @saved_cs_client */;

--
-- Dumping data for table `area_affinity`
--

LOCK TABLES `area_affinity` WRITE;
/*!40000 ALTER TABLE `area_affinity` DISABLE KEYS */;
INSERT INTO `area_affinity` VALUES (1,2,1,5,1),(2,3,1,4,2),(3,4,1,4,2),(4,4,1,4,3),(10,4,1,5,3),(11,1,2,5,2),(12,2,1,9,4),(13,3,1,5,4),(14,3,2,2,4),(15,104,1,10,1),(16,90,1,9,3),(17,33,1,10,6),(18,97,1,10,2),(19,24,1,6,2),(20,1,2,8,3),(21,1,2,10,1),(22,7,2,6,5),(23,12,2,7,4),(24,39,2,10,1),(25,54,3,9,3),(26,85,3,5,5),(27,67,3,10,1),(28,44,3,10,6),(29,30,3,5,4),(30,88,4,10,3),(31,82,4,8,4),(32,35,4,6,6),(33,72,4,7,2),(34,68,4,5,2),(35,66,5,8,2),(36,2,5,10,1),(37,76,5,6,4),(38,105,5,7,4),(39,97,5,10,4),(40,29,6,10,6),(41,79,6,9,4),(42,83,6,6,3),(43,81,6,10,5),(44,48,6,10,2),(45,83,7,10,2),(46,56,7,5,2),(47,92,7,7,2),(48,106,7,5,2),(49,47,7,5,4),(50,45,9,5,2),(51,68,9,8,2),(52,19,9,6,6),(53,24,9,5,4),(54,55,9,6,1),(55,9,10,6,4),(56,51,10,7,3),(57,46,10,10,4),(58,12,10,10,4),(59,58,10,6,1),(60,60,11,7,6),(61,99,11,5,2),(62,34,11,10,1),(63,63,11,7,4),(64,105,11,8,5),(65,96,12,8,3),(66,77,12,5,6),(67,26,12,7,1),(68,18,12,8,3),(69,43,12,8,5),(70,39,13,9,1),(71,61,13,10,6),(72,64,13,9,3),(73,28,13,7,2),(74,13,13,10,6),(75,62,14,10,1),(76,32,14,9,4),(77,14,14,10,3),(78,99,14,5,3),(79,56,14,6,5),(80,46,15,6,2),(81,18,15,9,1),(82,52,15,9,5),(83,22,15,5,2),(84,105,15,9,1),(85,52,16,6,4),(86,70,16,7,4),(87,79,16,7,2),(88,12,16,5,5),(89,108,16,9,1),(90,14,17,8,1),(91,1,17,7,6),(92,105,17,7,6),(93,36,17,10,3),(94,61,17,8,3),(95,47,18,10,3),(96,77,18,6,5),(97,22,18,7,4),(98,27,18,8,6),(99,18,18,8,1),(100,63,19,9,1),(101,47,19,6,5),(102,68,19,5,5),(103,56,19,8,3),(104,9,19,10,2),(105,56,20,7,5),(106,66,20,6,4),(107,108,20,9,3),(108,22,20,6,1),(109,31,20,5,6),(110,54,21,7,3),(111,105,21,6,5),(112,44,21,7,3),(113,77,21,9,6),(114,72,21,10,1),(115,88,22,6,3),(116,48,22,9,4),(117,108,22,9,2),(118,41,22,9,3),(119,41,22,7,6),(120,61,23,10,5),(121,84,23,7,5),(122,5,23,7,4),(123,69,23,6,3),(124,32,23,9,5),(125,17,24,8,6),(126,39,24,9,3),(127,54,24,6,4),(128,19,24,8,4),(129,98,24,8,1),(130,99,25,8,4),(131,15,25,6,3),(132,108,25,6,2),(133,91,25,10,1),(134,89,25,9,6),(135,102,26,6,4),(136,74,26,6,3),(137,34,26,10,5),(138,40,26,5,3),(139,11,26,8,5),(140,26,27,8,1),(141,41,27,9,5),(142,93,27,8,1),(143,60,27,8,4),(144,7,27,7,4),(145,87,28,6,3),(146,72,28,9,3),(147,69,28,6,5),(148,87,28,8,5),(149,14,28,5,5),(150,9,29,8,3),(151,75,29,9,6),(152,94,29,10,2),(153,83,29,10,6),(154,51,29,5,4),(155,97,30,5,2),(156,31,30,9,4),(157,79,30,5,2),(158,91,30,10,5),(159,7,30,6,3),(160,18,31,10,6),(161,29,31,9,1),(162,7,31,7,1),(163,12,31,10,3),(164,14,31,10,1),(165,60,32,9,5),(166,48,32,7,5),(167,13,32,8,6),(168,2,32,8,6),(169,96,32,5,2),(170,61,33,6,5),(171,100,33,6,6),(172,95,33,8,6),(173,64,33,8,3),(174,66,33,6,1),(175,51,34,10,4),(176,51,34,7,6),(177,90,34,5,5),(178,35,34,7,2),(179,33,34,6,2),(180,57,35,5,6),(181,108,35,10,6),(182,28,35,10,3),(183,78,35,7,1),(184,79,35,9,2),(185,6,36,8,6),(186,72,36,8,3),(187,5,36,10,2),(188,80,36,7,4),(189,87,36,9,4),(190,103,37,10,2),(191,47,37,10,6),(192,13,37,6,4),(193,81,37,5,6),(194,12,37,8,4),(195,19,38,6,3),(196,17,38,8,6),(197,4,38,9,6),(198,21,38,8,5),(199,86,38,10,3),(200,83,39,8,2),(201,40,39,9,1),(202,100,39,10,1),(203,98,39,10,2),(204,40,39,10,4),(205,15,40,9,1),(206,4,40,6,2),(207,60,40,5,3),(208,59,40,9,6),(209,51,40,7,1),(210,19,41,8,5),(211,71,41,6,5),(212,65,41,6,2),(213,78,41,9,6),(214,78,41,9,4),(215,69,42,9,5),(216,11,42,5,2),(217,20,42,7,5),(218,77,42,10,1),(219,99,42,5,6),(220,2,43,6,5),(221,56,43,6,2),(222,60,43,8,4),(223,50,43,9,5),(224,37,43,7,2),(225,61,44,8,5),(226,38,44,8,4),(227,88,44,10,4),(228,25,44,8,1),(229,20,44,5,6),(230,35,45,7,3),(231,50,45,10,6),(232,52,45,10,2),(233,19,45,6,1),(234,11,45,7,1),(235,98,46,10,4),(236,75,46,5,3),(237,68,46,5,5),(238,103,46,8,1),(239,48,46,7,3),(240,76,47,9,4),(241,19,47,9,5),(242,72,47,7,3),(243,67,47,8,5),(244,50,47,10,5),(245,71,48,7,1),(246,29,48,8,2),(247,44,48,8,2),(248,105,48,6,6),(249,72,48,5,3),(250,33,49,5,5),(251,92,49,10,6),(252,71,49,9,2),(253,107,49,6,2),(254,82,49,5,6),(255,44,50,6,6),(256,38,50,9,5),(257,56,50,5,2),(258,90,50,5,3),(259,43,50,9,6),(260,4,51,5,3),(261,52,51,5,5),(262,10,51,7,2),(263,93,51,6,5),(264,5,51,6,4),(265,61,52,5,3),(266,95,52,5,3),(267,76,52,9,2),(268,64,52,5,6),(269,43,52,6,6),(270,4,53,9,5),(271,106,53,10,4),(272,82,53,10,4),(273,85,53,9,4),(274,52,53,7,5),(275,25,54,5,6),(276,49,54,6,3),(277,11,54,5,1),(278,35,54,5,2),(279,17,54,7,5),(280,73,55,9,6),(281,76,55,5,1),(282,23,55,6,6),(283,6,55,8,1),(284,74,55,5,6),(285,7,56,7,1),(286,56,56,6,6),(287,44,56,9,6),(288,54,56,10,5),(289,101,56,6,6),(290,76,57,6,4),(291,21,57,10,5),(292,20,57,8,1),(293,32,57,10,3),(294,87,57,8,1),(295,88,58,8,6),(296,58,58,8,5),(297,15,58,5,2),(298,25,58,6,4),(299,47,58,8,3),(300,61,59,10,3),(301,54,59,8,2),(302,101,59,9,3),(303,38,59,8,4),(304,95,59,9,4),(305,66,60,6,2),(306,96,60,8,4),(307,29,60,10,1),(308,80,60,7,6),(309,75,60,7,6),(310,105,61,6,3),(311,101,61,6,4),(312,75,61,6,5),(313,26,61,9,4),(314,81,61,5,1),(315,56,62,7,4),(316,31,62,10,1),(317,56,62,7,5),(318,74,62,7,3),(319,88,62,5,4),(320,92,63,5,1),(321,84,63,9,2),(322,47,63,7,2),(323,72,63,10,6),(324,82,63,8,3),(325,31,64,6,4),(326,42,64,6,6),(327,60,64,8,1),(328,14,64,6,4),(329,71,64,9,4),(330,71,65,6,6),(331,9,65,10,6),(332,51,65,6,1),(333,38,65,7,2),(334,13,65,7,6),(335,102,66,8,4),(336,58,66,7,5),(337,59,66,5,4),(338,105,66,9,3),(339,81,66,5,1),(340,108,67,7,2),(341,69,67,6,4),(342,70,67,9,3),(343,69,67,9,2),(344,2,67,10,1),(345,91,68,5,1),(346,3,68,10,4),(347,62,68,6,3),(348,35,68,10,2),(349,47,68,9,3),(350,68,69,8,6),(351,13,69,7,2),(352,70,69,5,6),(353,102,69,7,5),(354,52,69,8,4),(355,5,70,7,5),(356,15,70,9,3),(357,57,70,7,1),(358,35,70,6,5),(359,91,70,6,3),(360,81,71,8,5),(361,105,71,10,1),(362,72,71,9,2),(363,4,71,9,6),(364,91,71,5,5),(365,65,72,10,1),(366,20,72,6,2),(367,34,72,7,1),(368,57,72,5,4),(369,20,72,8,4),(370,99,73,6,3),(371,68,73,8,5),(372,10,73,9,1),(373,82,73,6,2),(374,52,73,5,2),(375,107,74,5,6),(376,26,74,9,1),(377,42,74,8,3),(378,88,74,10,4),(379,95,74,8,1),(380,48,75,10,6),(381,28,75,10,4),(382,46,75,5,3),(383,57,75,5,3),(384,102,75,7,3),(385,84,76,7,3),(386,7,76,10,6),(387,2,76,9,2),(388,63,76,7,1),(389,88,76,10,2),(390,80,77,10,3),(391,94,77,9,5),(392,93,77,5,5),(393,15,77,8,2),(394,62,77,8,6),(395,47,78,10,2),(396,25,78,7,1),(397,22,78,10,1),(398,90,78,7,3),(399,82,78,6,4),(400,103,79,7,4),(401,25,79,9,1),(402,91,79,7,2),(403,92,79,8,2),(404,42,79,10,2),(405,73,80,9,6),(406,39,80,6,5),(407,1,80,9,4),(408,32,80,9,2),(409,98,80,6,4),(410,60,81,10,5),(411,76,81,6,6),(412,7,81,6,2),(413,67,81,6,1),(414,4,81,6,5),(415,107,82,8,3),(416,51,82,5,2),(417,94,82,6,3),(418,77,82,9,6),(419,94,82,7,2),(420,96,83,10,5),(421,9,83,6,4),(422,78,83,10,3),(423,103,83,9,5),(424,51,83,8,3),(425,17,84,5,5),(426,60,84,5,1),(427,43,84,9,3),(428,4,84,9,5),(429,30,84,5,2),(430,25,85,9,4),(431,40,85,6,2),(432,103,85,10,4),(433,12,85,7,2),(434,51,85,10,1),(435,15,86,10,4),(436,27,86,5,4),(437,84,86,7,1),(438,102,86,10,5),(439,37,86,9,5),(440,55,87,8,5),(441,96,87,9,4),(442,73,87,7,3),(443,88,87,5,1),(444,102,87,6,6),(445,58,88,8,3),(446,42,88,10,1),(447,86,88,6,1),(448,65,88,10,1),(449,46,88,10,6),(450,39,89,10,5),(451,86,89,8,4),(452,104,89,9,1),(453,95,89,8,4),(454,101,89,8,2),(455,47,90,5,5),(456,26,90,5,3),(457,79,90,10,5),(458,38,90,5,1),(459,101,90,8,2),(460,80,91,6,6),(461,102,91,9,3),(462,70,91,6,3),(463,60,91,7,4),(464,35,91,7,2),(465,74,92,9,3),(466,54,92,8,2),(467,85,92,5,1),(468,96,92,5,3),(469,55,92,10,3),(470,83,93,5,6),(471,84,93,8,2),(472,77,93,5,1),(473,76,93,8,4),(474,103,93,6,2),(475,70,94,5,4),(476,84,94,10,1),(477,38,94,5,6),(478,68,94,5,1),(479,99,94,9,2),(480,70,95,7,3),(481,23,95,6,6),(482,36,95,8,1),(483,102,95,5,2),(484,14,95,7,2),(485,63,96,10,4),(486,49,96,6,5),(487,39,96,10,6),(488,5,96,6,5),(489,39,96,9,2),(490,77,97,8,4),(491,42,97,7,1),(492,104,97,6,3),(493,66,97,8,1),(494,47,97,7,4),(495,4,98,9,5),(496,101,98,9,3),(497,5,98,8,5),(498,6,98,7,6),(499,82,98,6,1),(500,108,99,6,6),(501,19,99,6,2),(502,55,99,6,4),(503,59,99,5,3),(504,1,99,9,1),(505,23,100,9,5),(506,53,100,6,4),(507,43,100,10,4),(508,82,100,9,4),(509,22,100,8,3),(510,42,101,5,2),(511,91,101,6,5),(512,77,101,7,6),(513,17,101,7,4),(514,87,101,10,1),(515,47,102,8,5),(516,102,102,5,2),(517,61,102,9,5),(518,2,102,5,5),(519,11,102,7,6),(520,49,103,9,3),(521,52,103,9,3),(522,45,103,9,2),(523,67,103,5,3),(524,25,103,10,3),(525,58,104,9,3),(526,73,104,5,5),(527,79,104,5,3),(528,94,104,8,2),(529,28,104,7,1),(530,69,105,10,5),(531,56,105,8,5),(532,63,105,7,5),(533,18,105,6,5),(534,65,105,8,4),(535,81,106,10,4),(536,96,106,7,5),(537,76,106,7,2),(538,57,106,9,2),(539,22,106,8,6),(540,106,107,7,1),(541,104,107,6,6),(542,101,107,9,1),(543,48,107,8,5),(544,82,107,8,5),(545,13,108,5,1),(546,45,108,7,2),(547,80,108,5,1),(548,5,108,5,4),(549,72,108,10,3);
/*!40000 ALTER TABLE `area_affinity` ENABLE KEYS */;
UNLOCK TABLES;

--
-- Table structure for table `area_to_user`
--

DROP TABLE IF EXISTS `area_to_user`;
/*!40101 SET @saved_cs_client     = @@character_set_client */;
/*!50503 SET character_set_client = utf8mb4 */;
CREATE TABLE `area_to_user` (
  `id_a2u` int NOT NULL AUTO_INCREMENT,
  `fk_user_id` int DEFAULT NULL,
  `fk_area_id` int DEFAULT NULL,
  PRIMARY KEY (`id_a2u`),
  UNIQUE KEY `id_a2u_UNIQUE` (`id_a2u`),
  KEY `user_id_idx` (`fk_user_id`),
  KEY `fk_area_to_user_1_idx` (`fk_area_id`),
  CONSTRAINT `fk_area_to_user_1` FOREIGN KEY (`fk_area_id`) REFERENCES `Area` (`area_id`),
  CONSTRAINT `user_id` FOREIGN KEY (`fk_user_id`) REFERENCES `User` (`id`) ON DELETE SET NULL
) ENGINE=InnoDB AUTO_INCREMENT=111 DEFAULT CHARSET=utf8mb4 COLLATE=utf8mb4_0900_ai_ci;
/*!40101 SET character_set_client = @saved_cs_client */;

--
-- Dumping data for table `area_to_user`
--

LOCK TABLES `area_to_user` WRITE;
/*!40000 ALTER TABLE `area_to_user` DISABLE KEYS */;
INSERT INTO `area_to_user` VALUES (1,1,1),(2,1,2),(3,1,3),(4,2,2),(5,6,2),(6,1,4),(9,107,6),(14,2,1),(15,3,1),(16,4,1),(17,5,1),(18,6,1),(19,7,1),(21,9,1),(22,10,1),(23,11,1),(24,12,1),(25,13,1),(26,14,2),(27,15,2),(28,16,2),(29,17,2),(30,18,2),(31,19,2),(32,20,2),(33,21,2),(34,22,2),(35,23,2),(36,24,2),(37,25,2),(38,26,2),(39,27,3),(40,28,3),(41,29,3),(42,30,3),(43,31,3),(44,32,3),(45,33,3),(46,34,3),(47,35,3),(48,36,3),(49,37,3),(50,38,3),(51,39,3),(52,40,4),(53,41,4),(54,42,4),(55,43,4),(56,44,4),(57,45,4),(58,46,4),(59,47,4),(60,48,4),(61,49,4),(62,50,4),(63,51,4),(64,52,4),(65,53,5),(66,54,5),(67,55,5),(68,56,5),(69,57,5),(70,58,5),(71,59,5),(72,60,5),(73,61,5),(74,62,5),(75,63,5),(76,64,5),(77,65,5),(78,66,6),(79,67,6),(80,68,6),(81,69,6),(82,70,6),(83,71,6),(84,72,6),(85,73,6),(86,74,6),(87,75,6),(88,76,6),(89,77,6),(90,78,6),(91,79,6),(92,89,1),(93,90,1),(94,91,1),(95,92,1),(96,93,1),(97,94,1),(98,95,2),(99,96,2),(100,97,2),(101,98,2),(102,99,2),(103,100,3),(104,101,3),(105,102,3),(106,103,3),(107,104,3),(108,105,4),(109,106,4),(110,107,4);
/*!40000 ALTER TABLE `area_to_user` ENABLE KEYS */;
UNLOCK TABLES;

--
-- Table structure for table `project_to_area`
--

DROP TABLE IF EXISTS `project_to_area`;
/*!40101 SET @saved_cs_client     = @@character_set_client */;
/*!50503 SET character_set_client = utf8mb4 */;
CREATE TABLE `project_to_area` (
  `project_fk` int NOT NULL,
  `area_fk` int NOT NULL,
  `level` int NOT NULL,
  PRIMARY KEY (`project_fk`,`area_fk`),
  KEY `fk_project_to_area_Area1_idx` (`area_fk`),
  CONSTRAINT `fk_project_to_area_Area1` FOREIGN KEY (`area_fk`) REFERENCES `Area` (`area_id`),
  CONSTRAINT `fk_project_to_area_Project1` FOREIGN KEY (`project_fk`) REFERENCES `Project` (`project_id`)
) ENGINE=InnoDB DEFAULT CHARSET=utf8mb4 COLLATE=utf8mb4_0900_ai_ci;
/*!40101 SET character_set_client = @saved_cs_client */;

--
-- Dumping data for table `project_to_area`
--

LOCK TABLES `project_to_area` WRITE;
/*!40000 ALTER TABLE `project_to_area` DISABLE KEYS */;
INSERT INTO `project_to_area` VALUES (1,1,5),(1,2,5),(1,3,5),(1,4,10),(1,6,7),(2,1,5),(2,2,5),(2,3,9),(2,5,10),(2,6,9),(3,1,10),(3,2,5),(3,3,8),(3,4,7),(3,6,9),(4,1,10),(4,2,8),(4,3,5),(4,5,10),(4,6,9),(5,1,7),(5,2,6),(5,3,8),(5,4,8),(5,6,10),(6,1,7),(6,3,7),(6,4,10),(6,5,7),(6,6,9),(7,1,7),(7,2,5),(7,3,5),(7,4,8),(7,6,7),(8,2,10),(8,3,5),(8,4,6),(8,5,7),(8,6,8),(9,2,6),(9,3,8),(9,4,10),(9,5,6),(9,6,6),(10,1,6),(10,2,6),(10,3,10),(10,4,7),(10,5,5),(11,1,9),(11,2,5),(11,3,5),(11,4,7),(11,5,10),(12,1,10),(12,2,6),(12,3,8),(12,4,5),(12,6,9),(13,2,9),(13,3,8),(13,4,8),(13,5,9),(13,6,6),(14,1,10),(14,2,5),(14,3,10),(14,5,7),(14,6,9),(15,1,9),(15,2,7),(15,4,7),(15,5,8),(15,6,7),(16,1,8),(16,2,6),(16,3,7),(16,5,9),(16,6,10),(17,1,5),(17,2,8),(17,3,6),(17,4,7),(17,6,8),(18,1,10),(18,2,7),(18,3,10),(18,4,7),(18,5,9),(19,1,6),(19,2,6),(19,3,5),(19,4,10),(19,6,6),(20,1,10),(20,3,9),(20,4,10),(20,5,8),(20,6,9),(21,1,5),(21,2,5),(21,3,8),(21,4,10),(21,5,5),(22,2,6),(22,3,8),(22,4,9),(22,5,10),(22,6,8),(23,1,8),(23,3,7),(23,4,7),(23,5,8),(23,6,7),(24,1,10),(24,2,8),(24,3,9),(24,4,7),(24,5,9),(25,1,10),(25,2,10),(25,4,7),(25,5,9),(25,6,10),(26,1,8),(26,3,6),(26,4,9),(26,5,5),(26,6,9),(27,1,8),(27,2,6),(27,3,8),(27,5,5),(27,6,5),(28,1,5),(28,2,5),(28,4,6),(28,5,5),(28,6,5),(29,1,8),(29,2,5),(29,3,10),(29,5,7),(29,6,7),(30,2,8),(30,3,8),(30,4,7),(30,5,7),(30,6,10),(31,1,5),(31,2,8),(31,3,9),(31,4,6),(31,6,6),(32,2,8),(32,3,9),(32,4,8),(32,5,6),(32,6,9),(33,1,7),(33,2,8),(33,4,9),(33,5,9),(33,6,8);
/*!40000 ALTER TABLE `project_to_area` ENABLE KEYS */;
UNLOCK TABLES;

--
-- Table structure for table `testbed_to_project`
--

DROP TABLE IF EXISTS `testbed_to_project`;
/*!40101 SET @saved_cs_client     = @@character_set_client */;
/*!50503 SET character_set_client = utf8mb4 */;
CREATE TABLE `testbed_to_project` (
  `testbed_to_project` int NOT NULL AUTO_INCREMENT,
  `fk_testbed_id` int NOT NULL,
  `fk_project_id` int NOT NULL,
  PRIMARY KEY (`testbed_to_project`),
  KEY `fk_testbed_desc_idx` (`fk_testbed_id`),
  KEY `fk_project_desc_idx` (`fk_project_id`),
  CONSTRAINT `fk_project_desc` FOREIGN KEY (`fk_project_id`) REFERENCES `Project` (`project_id`),
  CONSTRAINT `fk_testbed_desc` FOREIGN KEY (`fk_testbed_id`) REFERENCES `Testbed` (`Testbed`)
) ENGINE=InnoDB AUTO_INCREMENT=3 DEFAULT CHARSET=utf8mb4 COLLATE=utf8mb4_0900_ai_ci;
/*!40101 SET character_set_client = @saved_cs_client */;

--
-- Dumping data for table `testbed_to_project`
--

LOCK TABLES `testbed_to_project` WRITE;
/*!40000 ALTER TABLE `testbed_to_project` DISABLE KEYS */;
INSERT INTO `testbed_to_project` VALUES (1,1,1),(2,2,2);
/*!40000 ALTER TABLE `testbed_to_project` ENABLE KEYS */;
UNLOCK TABLES;
/*!40103 SET TIME_ZONE=@OLD_TIME_ZONE */;

/*!40101 SET SQL_MODE=@OLD_SQL_MODE */;
/*!40014 SET FOREIGN_KEY_CHECKS=@OLD_FOREIGN_KEY_CHECKS */;
/*!40014 SET UNIQUE_CHECKS=@OLD_UNIQUE_CHECKS */;
/*!40101 SET CHARACTER_SET_CLIENT=@OLD_CHARACTER_SET_CLIENT */;
/*!40101 SET CHARACTER_SET_RESULTS=@OLD_CHARACTER_SET_RESULTS */;
/*!40101 SET COLLATION_CONNECTION=@OLD_COLLATION_CONNECTION */;
/*!40111 SET SQL_NOTES=@OLD_SQL_NOTES */;

-- Dump completed on 2022-12-10 21:45:50
